ID,Time,Event,Age,Sex,Stage,Grade,Tumour_size_mm,CEA,ECOG,Positive_nodes,Adjuvant_chemo,BMI
CRC0001,31.0,1,73,F,III,3,58,12.8,0,1,Yes,21.4
CRC0002,26.5,0,58,M,II,1,29,16.1,0,0,No,21.0
CRC0003,7.8,1,83,M,II,1,42,12.5,0,0,No,25.1
CRC0004,6.1,1,68,M,III,2,22,22.0,0,5,Yes,35.9
CRC0005,10.3,1,69,M,IV,2,30,11.0,0,6,No,20.4
CRC0006,10.9,1,53,M,I,2,42,0.6,2,0,No,33.8
CRC0007,29.5,0,63,F,I,2,29,1.1,0,0,No,26.5
CRC0008,40.2,0,69,F,I,1,18,1.5,0,0,No,22.5
CRC0009,84.2,0,49,F,II,3,46,4.7,0,0,No,28.6
CRC0010,18.5,1,62,F,I,2,19,0.9,0,0,No,22.1
CRC0011,24.6,0,66,F,III,3,72,10.8,0,4,No,29.4
CRC0012,68.5,0,58,M,III,2,28,5.7,0,2,No,28.3
CRC0013,40.3,1,82,F,I,2,42,4.9,0,0,No,25.4
CRC0014,66.1,1,84,F,III,2,35,23.7,0,3,Yes,27.4
CRC0015,47.7,1,51,F,I,2,16,1.2,1,0,No,29.3
CRC0016,86.5,1,45,F,II,2,34,6.2,1,0,No,26.0
CRC0017,3.7,1,51,F,IV,2,37,3.3,0,6,Yes,27.5
CRC0018,38.9,1,81,F,III,3,35,5.3,1,4,Yes,20.6
CRC0019,11.4,1,53,M,III,3,71,8.6,0,2,No,17.4
CRC0020,52.8,0,63,M,II,3,39,4.1,0,0,No,27.0
CRC0021,78.6,0,81,F,II,1,46,1.6,0,0,No,22.6
CRC0022,61.3,1,74,M,II,1,25,5.3,2,0,No,26.9
CRC0023,30.2,0,77,M,II,2,38,4.5,0,0,No,24.1
CRC0024,9.3,1,67,M,IV,2,42,6.4,1,5,No,29.1
CRC0025,20.8,1,91,F,II,1,49,4.9,2,0,No,22.0
CRC0026,36.9,0,61,M,II,2,55,7.6,0,0,No,27.6
CRC0027,69.2,0,53,F,III,1,49,29.0,0,3,Yes,30.4
CRC0028,71.9,0,67,F,II,2,17,3.9,0,0,No,29.3
CRC0029,9.0,1,92,F,II,1,24,5.5,1,0,No,24.6
CRC0030,43.9,0,84,F,I,2,13,0.5,1,0,No,23.5
CRC0031,31.4,0,63,F,II,2,26,4.2,0,0,No,31.8
CRC0032,73.6,0,48,M,II,1,24,4.4,0,0,No,25.3
CRC0033,28.8,1,67,M,IV,2,44,25.5,0,2,Yes,25.5
CRC0034,7.4,1,72,M,II,2,36,4.2,1,0,No,27.3
CRC0035,30.8,0,73,M,III,3,38,13.9,0,2,Yes,25.2
CRC0036,39.4,0,65,M,II,3,52,1.7,1,0,No,21.5
CRC0037,77.4,0,55,M,II,2,28,9.3,0,0,No,37.5
CRC0038,7.5,1,60,M,IV,3,59,45.7,0,6,Yes,29.2
CRC0039,6.6,1,71,M,IV,2,51,10.6,0,6,No,17.8
CRC0040,37.1,0,82,F,I,2,38,1.8,0,0,No,25.5
CRC0041,22.8,1,78,F,II,2,79,12.2,0,0,No,27.4
CRC0042,62.7,0,63,M,I,2,45,2.9,0,0,No,30.2
CRC0043,4.5,1,64,M,IV,2,97,36.8,1,5,No,27.3
CRC0044,67.1,0,79,F,III,1,28,20.2,0,8,Yes,22.0
CRC0045,14.3,0,78,M,II,3,35,3.6,0,0,No,24.1
CRC0046,9.2,1,72,M,III,2,62,12.7,0,5,Yes,28.4
CRC0047,26.6,0,41,M,II,1,36,2.5,0,0,No,31.3
CRC0048,23.5,0,51,F,III,3,46,0.9,0,2,Yes,28.0
CRC0049,56.3,1,74,F,II,2,27,2.4,0,0,No,25.5
CRC0050,26.0,0,79,F,I,1,35,1.5,0,0,No,30.9
CRC0051,32.8,0,71,M,III,2,78,2.5,0,1,Yes,32.9
CRC0052,5.3,1,67,F,II,2,38,0.8,1,0,No,27.5
CRC0053,80.4,0,66,F,II,2,41,4.6,0,0,No,29.2
CRC0054,61.6,0,70,M,II,3,8,8.5,0,0,No,28.5
CRC0055,29.7,1,50,M,II,2,57,11.8,0,0,No,32.0
CRC0056,43.7,0,58,M,III,2,85,6.5,0,3,Yes,22.7
CRC0057,31.4,1,72,M,II,2,56,1.7,0,0,No,29.1
CRC0058,88.8,0,63,M,II,2,31,8.8,0,0,No,23.5
CRC0059,65.3,0,64,F,II,1,74,4.0,0,0,No,24.2
CRC0060,72.0,0,66,M,II,1,31,2.7,0,0,No,24.2
CRC0061,4.7,1,70,M,III,2,39,7.8,0,5,Yes,28.1
CRC0062,70.9,1,60,M,II,2,28,5.9,0,0,No,28.6
CRC0063,31.3,0,54,M,II,1,35,2.4,0,0,No,30.3
CRC0064,22.4,1,69,M,IV,2,55,10.8,0,12,No,21.8
CRC0065,66.9,0,47,M,I,2,44,1.2,1,0,No,20.9
CRC0066,27.6,0,64,M,II,1,46,3.0,0,0,No,26.6
CRC0067,28.7,1,50,F,II,3,86,1.5,1,0,No,26.7
CRC0068,69.4,0,78,M,III,3,26,10.4,0,3,Yes,31.1
CRC0069,62.9,0,92,M,I,2,20,6.0,0,0,No,28.7
CRC0070,28.2,0,53,M,II,2,35,5.6,0,0,No,23.6
CRC0071,93.8,0,76,M,I,1,23,6.3,0,0,No,32.7
CRC0072,77.1,0,61,F,I,1,23,0.9,1,0,No,22.1
CRC0073,61.0,0,59,F,II,3,19,11.2,0,0,No,23.4
CRC0074,28.4,1,61,F,II,2,25,3.0,1,0,No,35.3
CRC0075,6.8,1,70,M,IV,3,42,18.6,0,5,No,29.0
CRC0076,78.9,0,73,F,I,1,34,2.9,0,0,No,17.7
CRC0077,45.7,1,58,M,III,2,38,9.0,1,1,Yes,28.7
CRC0078,39.4,0,59,M,II,3,52,6.8,0,0,No,27.5
CRC0079,71.3,0,78,M,III,2,51,12.2,0,2,Yes,29.5
CRC0080,52.1,0,81,M,I,2,35,7.8,0,0,No,20.8
CRC0081,8.8,1,54,F,III,2,35,2.3,0,4,No,25.1
CRC0082,22.5,1,62,F,II,1,44,3.8,0,0,No,20.2
CRC0083,36.8,1,77,M,II,2,57,1.4,1,0,No,25.0
CRC0084,25.2,1,89,F,III,2,45,4.9,1,4,No,26.8
CRC0085,78.0,0,69,F,II,3,44,5.1,1,0,No,28.9
CRC0086,23.5,1,71,F,II,1,41,6.3,0,0,No,20.6
CRC0087,39.3,0,56,M,I,1,33,11.4,0,0,No,25.9
CRC0088,14.5,1,77,F,III,1,60,8.2,2,5,Yes,32.3
CRC0089,57.3,0,72,M,I,2,34,3.1,1,0,No,25.7
CRC0090,50.4,1,62,F,II,2,29,3.5,0,0,No,32.0
CRC0091,31.0,1,66,M,II,2,17,2.1,1,0,No,29.8
CRC0092,51.7,0,91,F,I,2,30,1.4,0,0,No,18.7
CRC0093,26.4,1,83,M,III,2,68,13.3,0,4,Yes,27.8
CRC0094,70.2,1,83,M,I,2,16,5.3,2,0,No,29.5
CRC0095,60.4,1,56,F,III,1,27,12.2,1,3,Yes,23.4
CRC0096,63.9,0,53,F,II,2,45,9.5,0,0,No,29.3
CRC0097,25.0,0,49,F,IV,2,35,12.5,0,8,Yes,29.7
CRC0098,40.2,0,73,M,III,2,24,8.9,1,3,No,17.8
CRC0099,56.1,1,53,M,I,2,57,0.6,0,0,No,23.1
CRC0100,42.3,1,55,F,III,3,38,10.8,1,2,Yes,24.7
CRC0101,66.5,0,79,M,II,3,46,6.8,0,0,No,29.7
CRC0102,38.2,0,46,M,II,1,20,3.6,0,0,No,25.9
CRC0103,59.0,1,72,M,II,3,23,6.5,1,0,No,25.7
CRC0104,73.2,0,53,M,II,2,59,7.9,0,0,No,26.4
CRC0105,33.2,0,67,M,III,3,42,10.3,1,4,Yes,24.0
CRC0106,40.1,1,92,M,II,2,34,3.2,2,0,No,25.8
CRC0107,50.2,0,70,M,I,2,12,0.8,0,0,No,34.0
CRC0108,24.2,1,63,M,IV,2,73,7.0,0,4,Yes,28.5
CRC0109,19.9,1,64,F,II,2,56,2.7,2,0,No,31.8
CRC0110,61.0,1,64,F,II,1,43,5.3,1,0,No,35.7
CRC0111,60.9,0,60,M,I,1,21,1.1,0,0,No,28.2
CRC0112,55.0,1,48,M,II,3,40,0.9,0,0,No,23.5
CRC0113,44.6,1,57,M,III,2,38,4.2,0,1,No,28.4
CRC0114,52.2,1,81,M,II,2,23,1.9,1,0,No,25.6
CRC0115,44.9,0,80,M,III,1,40,13.5,1,6,No,32.9
CRC0116,9.2,1,73,M,III,2,22,2.2,1,6,No,26.9
CRC0117,26.9,1,66,M,III,1,62,10.1,0,3,Yes,22.4
CRC0118,21.0,1,73,M,IV,2,58,4.3,1,7,Yes,25.7
CRC0119,91.1,0,69,M,II,1,41,6.9,1,0,No,30.0
CRC0120,25.3,0,73,M,I,1,20,6.4,1,0,No,25.1
CRC0121,39.6,1,83,M,III,2,40,10.2,0,6,No,20.4
CRC0122,6.0,0,80,M,III,3,30,6.4,0,2,Yes,21.9
CRC0123,53.0,0,63,F,III,1,45,4.4,0,2,Yes,24.7
CRC0124,90.0,0,57,F,I,2,30,2.3,1,0,No,26.5
CRC0125,21.0,1,43,F,II,1,30,6.3,0,0,No,27.2
CRC0126,23.7,1,58,F,IV,3,58,18.7,0,10,Yes,26.8
CRC0127,38.3,0,65,M,III,2,34,6.7,0,4,No,31.7
CRC0128,42.9,1,65,M,II,2,50,16.0,0,0,No,23.7
CRC0129,37.6,0,66,F,II,3,30,1.2,0,0,No,26.8
CRC0130,36.4,0,71,M,II,3,28,1.4,1,0,No,25.7
CRC0131,28.4,0,77,M,I,1,47,0.7,0,0,No,27.1
CRC0132,65.4,0,50,F,III,2,43,1.7,0,2,Yes,19.3
CRC0133,88.3,0,55,M,I,3,50,3.3,0,0,No,23.8
CRC0134,35.8,0,55,M,I,2,21,2.2,0,0,No,18.2
CRC0135,59.3,1,74,M,II,1,14,2.7,0,0,No,32.1
CRC0136,6.2,1,86,F,II,2,39,1.2,0,0,No,32.3
CRC0137,30.9,1,69,M,III,1,41,8.9,2,1,No,24.7
CRC0138,38.3,1,71,F,IV,3,24,9.1,0,5,Yes,33.9
CRC0139,4.1,1,61,M,II,1,44,3.5,1,0,No,25.2
CRC0140,82.2,0,56,M,I,3,37,2.0,0,0,No,21.8
CRC0141,37.9,0,59,F,I,2,46,1.9,0,0,No,27.1
CRC0142,21.4,0,84,F,I,3,25,9.4,0,0,No,33.1
CRC0143,83.6,0,66,M,I,2,35,5.8,2,0,No,23.4
CRC0144,14.6,1,64,M,II,2,23,18.4,0,0,No,22.3
CRC0145,18.4,1,73,F,IV,1,65,24.2,2,4,No,30.9
CRC0146,48.4,1,67,F,IV,2,41,6.6,0,3,Yes,27.6
CRC0147,52.4,0,78,M,I,2,40,7.8,1,0,No,23.2
CRC0148,56.5,1,66,M,III,2,43,21.5,1,3,Yes,34.6
CRC0149,59.7,0,70,F,I,1,33,5.3,0,0,No,31.2
CRC0150,23.4,1,72,M,III,3,58,12.1,1,6,Yes,25.9
CRC0151,39.9,1,60,M,II,2,23,10.2,0,0,No,25.4
CRC0152,35.6,0,62,M,II,2,45,11.7,0,0,No,28.1
CRC0153,21.6,1,73,M,II,3,48,2.9,0,0,No,27.5
CRC0154,40.9,0,68,M,III,2,44,21.7,1,2,Yes,22.1
CRC0155,21.1,1,60,M,IV,1,32,20.6,1,6,Yes,26.6
CRC0156,58.2,0,66,F,III,1,45,8.2,1,6,Yes,32.1
CRC0157,47.6,1,92,F,III,2,40,6.4,0,4,Yes,26.7
CRC0158,17.8,1,65,F,II,2,15,1.4,0,0,No,20.7
CRC0159,13.4,1,58,F,IV,1,34,17.6,0,10,Yes,26.9
CRC0160,55.3,1,71,M,III,3,26,4.4,0,3,Yes,23.9
CRC0161,40.1,1,85,F,III,2,54,7.5,0,2,No,24.6
CRC0162,35.9,0,64,M,IV,1,32,3.7,0,8,Yes,28.5
CRC0163,50.6,0,64,F,I,2,39,3.2,0,0,No,29.2
CRC0164,78.6,0,62,M,II,2,41,3.0,0,0,No,22.7
CRC0165,7.5,1,52,F,IV,2,44,1.2,0,7,No,30.9
CRC0166,33.2,0,65,F,I,1,26,2.2,0,0,No,24.4
CRC0167,5.3,0,78,F,I,2,46,2.5,2,0,No,39.5
CRC0168,51.2,1,71,M,II,2,34,8.1,1,0,No,29.6
CRC0169,53.0,0,68,F,III,3,59,9.7,0,4,Yes,25.3
CRC0170,6.0,1,48,F,III,3,41,11.1,2,3,Yes,23.7
CRC0171,86.0,0,62,F,III,3,36,5.2,0,6,Yes,28.6
CRC0172,35.2,1,54,F,III,2,28,3.3,1,2,Yes,29.5
CRC0173,8.8,1,37,F,III,2,71,6.0,0,4,Yes,29.7
CRC0174,69.5,0,60,M,I,3,35,7.6,0,0,No,31.8
CRC0175,13.9,1,73,F,IV,3,26,14.7,2,7,No,34.8
CRC0176,7.3,1,56,M,III,3,57,6.2,0,2,No,22.1
CRC0177,40.4,1,57,F,IV,1,43,7.5,1,7,Yes,20.7
CRC0178,48.2,0,86,F,II,2,30,11.2,1,0,No,31.1
CRC0179,65.3,0,74,M,II,3,38,16.8,0,0,No,25.8
CRC0180,89.3,0,80,F,I,3,26,6.3,1,0,No,30.0
CRC0181,26.9,0,81,M,III,3,27,4.2,0,5,Yes,27.7
CRC0182,60.4,0,73,M,I,2,31,1.5,0,0,No,20.7
CRC0183,61.1,0,66,M,III,2,51,3.8,0,3,Yes,21.2
CRC0184,59.1,0,71,M,I,2,23,5.2,0,0,No,31.0
CRC0185,86.6,0,82,F,I,2,26,5.0,0,0,No,16.6
CRC0186,67.6,0,69,F,III,3,40,6.5,0,2,No,32.4
CRC0187,35.2,1,68,M,II,1,51,1.9,0,0,No,26.4
CRC0188,62.7,0,68,M,I,1,34,1.2,0,0,No,28.8
CRC0189,95.3,0,76,F,I,2,44,1.7,2,0,No,19.9
CRC0190,38.4,0,61,F,II,2,31,8.0,0,0,No,30.8
CRC0191,17.7,1,85,F,IV,2,45,9.0,1,4,No,24.2
CRC0192,17.7,1,77,M,II,2,33,4.7,1,0,No,15.0
CRC0193,0.3,1,59,M,III,2,30,23.6,0,2,Yes,32.0
CRC0194,19.7,1,86,F,IV,3,45,6.8,0,9,No,20.0
CRC0195,19.6,1,47,M,III,2,34,29.0,0,1,No,27.8
CRC0196,7.9,1,41,F,IV,3,49,30.2,0,3,Yes,26.8
CRC0197,39.5,0,73,M,II,2,38,5.2,0,0,No,28.0
CRC0198,10.6,1,58,M,IV,3,77,57.8,1,4,Yes,28.5
CRC0199,39.1,0,59,M,I,1,22,0.6,1,0,No,25.8
CRC0200,44.2,0,72,F,I,2,29,3.2,0,0,No,28.9
CRC0201,38.3,1,78,M,III,1,20,8.8,0,4,Yes,31.8
CRC0202,1.3,1,91,M,IV,3,35,15.5,0,4,Yes,31.3
CRC0203,25.1,0,71,F,III,2,34,7.2,0,3,No,29.9
CRC0204,28.8,1,58,F,III,2,29,3.6,0,2,Yes,24.5
CRC0205,8.1,1,73,F,IV,2,53,33.2,1,5,Yes,28.1
CRC0206,82.6,0,62,M,II,3,44,6.9,0,0,No,23.0
CRC0207,24.5,0,60,M,IV,2,56,39.7,1,8,No,25.6
CRC0208,37.7,1,78,F,I,1,46,4.8,2,0,No,20.0
CRC0209,34.4,1,80,M,II,1,27,3.3,2,0,No,31.2
CRC0210,34.4,0,45,M,III,2,30,1.0,0,4,No,32.2
CRC0211,8.4,1,77,M,III,2,43,6.9,1,5,Yes,28.0
CRC0212,33.2,1,68,M,III,2,57,8.6,0,3,No,23.6
CRC0213,49.3,0,72,F,II,3,25,1.9,0,0,No,37.7
CRC0214,9.5,1,55,F,I,3,74,3.4,1,0,No,20.1
CRC0215,56.7,0,54,M,III,2,23,3.7,0,3,Yes,22.1
CRC0216,14.4,0,60,M,III,2,43,9.2,0,1,No,22.4
CRC0217,36.4,0,72,F,I,2,40,1.5,1,0,No,27.4
CRC0218,75.9,0,64,F,III,2,34,22.8,0,5,Yes,24.3
CRC0219,2.8,1,62,M,III,1,57,7.1,0,2,No,28.1
CRC0220,0.2,1,76,M,IV,1,56,20.6,1,4,Yes,33.1
CRC0221,40.6,0,57,M,III,1,55,4.2,0,6,Yes,27.6
CRC0222,23.9,1,44,F,III,2,41,5.3,0,7,No,28.9
CRC0223,16.3,1,71,F,III,1,37,12.4,0,2,Yes,22.1
CRC0224,74.2,0,52,M,II,2,37,2.8,1,0,No,29.5
CRC0225,7.8,1,67,M,III,2,43,6.3,1,3,Yes,28.3
CRC0226,90.1,0,77,F,II,2,30,2.6,1,0,No,34.0
CRC0227,55.7,0,56,M,III,2,29,2.0,0,3,Yes,21.0
CRC0228,63.1,1,59,F,III,2,49,9.0,0,3,Yes,37.4
CRC0229,49.8,1,50,M,III,3,67,12.4,1,3,Yes,33.3
CRC0230,30.0,0,64,M,III,1,32,5.0,0,6,Yes,30.0
CRC0231,54.7,1,57,M,I,3,47,14.5,0,0,No,28.6
CRC0232,41.5,0,45,F,II,2,34,5.6,0,0,No,28.9
CRC0233,24.6,0,62,M,II,2,48,4.4,0,0,No,32.1
CRC0234,3.4,1,76,M,IV,3,26,3.2,0,6,Yes,27.2
CRC0235,40.5,0,51,M,III,3,49,3.0,0,4,No,30.0
CRC0236,55.0,0,67,F,I,1,34,4.1,1,0,No,27.1
CRC0237,1.0,1,57,F,II,3,49,7.6,0,0,No,29.7
CRC0238,22.5,0,44,F,III,2,20,9.0,0,3,Yes,27.2
CRC0239,7.3,1,80,M,II,1,24,1.8,0,0,No,30.9
CRC0240,75.9,0,70,M,III,2,41,1.3,0,6,Yes,28.0
CRC0241,18.1,1,66,F,IV,2,66,8.5,0,11,Yes,27.4
CRC0242,21.9,1,56,F,IV,3,33,37.4,0,4,No,33.0
CRC0243,21.2,1,44,M,II,2,25,7.0,0,0,No,25.2
CRC0244,39.3,0,75,M,II,2,34,5.6,1,0,No,30.6
CRC0245,59.2,0,57,M,I,1,20,5.1,0,0,No,32.3
CRC0246,41.3,0,85,M,I,1,17,2.9,0,0,No,27.6
CRC0247,44.7,0,57,M,I,1,28,0.6,1,0,No,27.4
CRC0248,75.8,0,61,F,III,2,43,10.6,0,2,Yes,22.7
CRC0249,24.2,1,63,F,II,2,45,3.9,0,0,No,29.2
CRC0250,48.8,0,62,M,II,3,41,0.7,0,0,No,26.7
CRC0251,0.1,1,70,M,IV,1,73,19.9,0,4,No,28.9
CRC0252,48.3,0,64,F,I,1,30,0.4,0,0,No,22.5
CRC0253,40.9,0,66,M,I,2,20,3.8,0,0,No,30.4
CRC0254,76.1,0,58,F,II,2,21,3.1,0,0,No,37.4
CRC0255,21.1,1,82,M,III,2,18,4.4,1,2,Yes,23.1
CRC0256,81.7,0,66,M,I,2,40,1.7,0,0,No,27.1
CRC0257,24.6,0,61,F,II,3,32,5.4,0,0,No,33.9
CRC0258,19.7,1,66,M,IV,2,21,16.6,0,7,No,29.6
CRC0259,13.4,1,54,M,IV,2,50,46.7,0,3,Yes,25.0
CRC0260,31.7,0,60,M,III,2,44,15.0,1,3,Yes,28.9
CRC0261,35.8,0,68,F,I,2,22,7.7,0,0,No,25.1
CRC0262,70.8,0,68,F,III,1,63,2.7,0,2,Yes,23.4
CRC0263,11.7,1,85,F,IV,3,36,8.2,0,5,Yes,24.1
CRC0264,87.9,0,65,F,III,2,52,6.6,0,7,No,24.9
CRC0265,41.2,1,69,M,III,3,37,4.8,1,2,Yes,19.1
CRC0266,11.8,1,55,M,III,2,50,5.6,0,3,No,30.0
CRC0267,7.1,0,79,M,IV,1,50,34.2,1,12,Yes,28.3
CRC0268,49.0,0,62,M,II,1,28,8.4,0,0,No,31.0
CRC0269,3.6,1,87,M,III,2,29,19.0,1,4,No,29.6
CRC0270,33.9,0,46,M,III,2,67,9.1,0,3,No,26.0
CRC0271,78.5,0,81,M,III,1,26,4.5,0,2,Yes,22.6
CRC0272,15.5,1,63,F,II,2,30,5.3,2,0,No,27.6
CRC0273,5.4,1,63,F,II,2,27,8.6,1,0,No,27.7
CRC0274,71.3,0,53,F,I,2,26,2.7,1,0,No,24.6
CRC0275,52.2,0,72,M,III,2,34,34.1,0,2,Yes,29.2
CRC0276,6.5,1,79,F,III,2,38,23.3,2,2,No,23.9
CRC0277,31.3,1,51,F,III,2,67,8.8,0,1,No,27.6
CRC0278,36.6,0,68,M,II,2,47,5.5,0,0,No,31.3
CRC0279,40.9,0,57,F,III,2,25,19.7,0,3,No,31.2
CRC0280,68.6,0,69,M,I,2,47,5.9,1,0,No,29.1
CRC0281,41.3,0,68,F,II,2,64,11.6,0,0,No,37.4
CRC0282,32.0,0,52,F,III,2,31,1.7,1,1,No,29.3
CRC0283,24.8,0,45,M,II,2,45,0.7,1,0,No,32.9
CRC0284,67.6,1,63,M,II,2,40,4.1,0,0,No,24.6
CRC0285,86.4,1,74,M,III,2,29,6.3,0,6,Yes,37.1
CRC0286,76.9,0,52,F,I,1,35,0.8,0,0,No,23.3
CRC0287,50.1,0,65,F,I,1,28,6.7,0,0,No,30.4
CRC0288,86.2,0,72,F,I,2,29,2.3,0,0,No,35.8
CRC0289,2.4,1,58,M,II,2,48,4.1,1,0,No,29.9
CRC0290,47.9,0,52,F,IV,2,22,6.0,0,6,No,27.6
CRC0291,24.1,1,61,F,IV,2,58,5.0,0,3,No,23.0
CRC0292,41.2,1,74,M,II,1,23,7.3,0,0,No,26.5
CRC0293,9.4,1,65,F,III,1,47,6.8,1,4,No,23.4
CRC0294,30.3,1,79,F,II,2,17,3.8,1,0,No,26.5
CRC0295,18.6,1,51,M,III,2,42,4.9,0,2,Yes,33.2
CRC0296,10.9,1,91,M,III,3,40,10.8,1,2,No,35.1
CRC0297,70.7,0,69,M,I,2,24,4.4,1,0,No,26.2
CRC0298,43.6,0,57,F,III,2,31,2.4,0,3,No,20.3
CRC0299,66.0,0,81,M,II,3,38,4.7,0,0,No,29.3
CRC0300,13.8,1,60,F,IV,2,38,2.3,0,13,No,37.3
CRC0301,9.3,0,58,M,III,2,68,9.6,1,4,No,33.4
CRC0302,10.2,1,60,F,IV,2,34,14.8,0,5,No,30.9
CRC0303,10.0,1,37,M,III,2,33,8.2,0,2,No,30.6
CRC0304,64.6,1,73,M,II,1,28,1.1,0,0,No,31.9
CRC0305,58.0,1,63,M,IV,2,39,1.6,0,6,Yes,22.6
CRC0306,21.2,1,60,F,IV,2,58,5.1,0,8,Yes,26.0
CRC0307,24.8,1,53,F,II,3,55,3.7,0,0,No,29.4
CRC0308,48.3,0,81,F,II,2,35,1.6,0,0,No,24.8
CRC0309,52.7,0,64,M,I,1,31,1.0,2,0,No,19.7
CRC0310,52.8,0,61,F,II,2,52,6.0,0,0,No,19.1
CRC0311,45.7,1,74,F,II,1,30,0.9,1,0,No,32.6
CRC0312,42.6,0,59,F,II,2,37,20.1,0,0,No,25.8
CRC0313,41.5,0,59,F,I,1,45,5.9,1,0,No,28.4
CRC0314,9.4,1,75,M,II,1,30,8.3,0,0,No,28.5
CRC0315,28.6,0,73,F,II,2,35,7.4,0,0,No,28.7
CRC0316,72.6,0,72,M,II,2,37,3.2,0,0,No,24.5
CRC0317,33.5,1,72,F,III,2,46,7.4,2,3,Yes,28.0
CRC0318,75.3,0,65,F,II,2,55,4.4,1,0,No,32.7
CRC0319,16.5,1,55,M,I,2,34,14.7,0,0,No,24.9
CRC0320,25.8,0,64,F,II,1,31,5.0,0,0,No,24.3
CRC0321,10.2,1,85,F,IV,3,27,11.7,1,8,No,25.2
CRC0322,23.3,1,62,M,II,1,48,2.8,1,0,No,27.4
CRC0323,60.2,0,77,M,I,1,35,4.1,0,0,No,34.0
CRC0324,40.5,0,58,M,I,2,30,5.7,0,0,No,23.9
CRC0325,26.8,0,69,M,III,1,38,2.5,0,3,No,22.7
CRC0326,80.7,1,58,F,II,1,51,14.2,0,0,No,23.9
CRC0327,24.0,1,68,M,II,2,54,2.3,0,0,No,27.8
CRC0328,27.7,0,60,F,III,2,47,4.9,0,3,No,25.6
CRC0329,41.6,1,46,M,IV,2,66,7.3,1,4,No,33.7
CRC0330,18.0,1,62,F,II,3,23,6.0,2,0,No,21.0
CRC0331,91.1,0,76,F,I,1,22,9.2,0,0,No,34.7
CRC0332,45.3,1,58,F,II,2,47,3.9,1,0,No,22.3
CRC0333,27.2,0,60,M,IV,2,33,11.8,0,8,No,28.9
CRC0334,72.1,0,61,F,I,1,14,5.2,0,0,No,28.2
CRC0335,28.0,1,60,F,III,3,37,52.4,0,2,Yes,25.8
CRC0336,0.1,1,74,M,IV,2,36,67.0,0,7,No,24.2
CRC0337,29.6,1,67,F,II,3,30,6.9,1,0,No,32.2
CRC0338,29.2,0,63,M,I,2,73,0.9,1,0,No,26.9
CRC0339,29.1,0,53,F,III,2,23,2.3,0,3,No,24.6
CRC0340,11.2,1,81,F,I,2,30,3.1,0,0,No,30.9
CRC0341,87.9,0,64,F,III,2,29,1.0,1,2,Yes,28.9
CRC0342,21.8,1,62,M,IV,3,54,15.4,0,7,No,27.3
CRC0343,67.8,1,52,F,II,1,59,2.4,0,0,No,23.6
CRC0344,67.3,0,72,F,I,2,36,4.3,0,0,No,26.0
CRC0345,20.1,1,68,F,III,1,26,8.2,0,2,Yes,32.0
CRC0346,26.4,0,66,M,III,1,31,11.2,0,3,No,30.1
CRC0347,11.5,1,48,M,II,1,49,2.0,1,0,No,35.9
CRC0348,82.9,0,48,M,II,1,54,10.7,1,0,No,32.9
CRC0349,15.8,1,62,M,II,2,36,1.4,1,0,No,28.4
CRC0350,39.9,0,90,F,III,1,68,3.0,1,3,Yes,24.1
CRC0351,26.7,0,64,M,II,1,30,3.2,1,0,No,32.6
CRC0352,45.8,1,74,F,II,2,37,22.0,2,0,No,20.6
CRC0353,37.0,1,87,M,I,2,25,1.4,0,0,No,18.8
CRC0354,27.3,1,81,M,III,2,32,3.4,1,6,Yes,24.5
CRC0355,7.3,1,68,M,III,2,42,171.8,1,2,No,25.4
CRC0356,68.0,0,46,M,I,2,37,0.4,0,0,No,19.7
CRC0357,55.3,1,69,F,II,2,37,0.9,1,0,No,17.9
CRC0358,49.0,1,74,F,II,2,50,4.9,0,0,No,30.0
CRC0359,64.0,0,71,F,II,3,33,3.5,0,0,No,24.5
CRC0360,71.7,1,61,M,II,2,29,14.2,0,0,No,29.0
CRC0361,73.3,0,52,F,III,2,36,5.2,0,2,Yes,26.9
CRC0362,42.5,0,73,M,I,2,17,4.6,0,0,No,25.9
CRC0363,50.0,0,79,F,I,1,40,4.8,2,0,No,29.4
CRC0364,58.4,0,66,M,III,2,37,5.6,0,4,Yes,26.2
CRC0365,72.7,0,64,F,I,1,33,1.5,0,0,No,30.9
CRC0366,21.7,1,70,F,IV,1,61,27.9,0,3,Yes,22.3
CRC0367,7.2,1,51,M,III,2,32,8.8,2,3,No,23.2
CRC0368,32.3,1,59,F,III,2,78,4.7,0,3,No,22.8
CRC0369,18.9,1,65,M,III,3,48,10.0,1,2,No,25.5
CRC0370,36.9,0,51,M,I,1,42,8.7,0,0,No,34.9
CRC0371,14.5,1,74,M,IV,2,34,6.5,0,4,Yes,18.5
CRC0372,41.4,0,66,M,I,2,31,17.4,0,0,No,34.0
CRC0373,16.4,1,73,F,I,3,14,13.7,0,0,No,30.7
CRC0374,51.6,1,50,F,II,1,27,6.1,0,0,No,31.1
CRC0375,26.3,1,69,M,IV,2,20,18.8,1,6,No,23.6
CRC0376,23.1,1,56,M,II,2,53,2.8,1,0,No,25.0
CRC0377,48.0,0,69,F,III,2,32,8.1,1,1,Yes,29.4
CRC0378,76.6,0,55,M,II,1,36,5.4,0,0,No,22.8
CRC0379,12.6,1,69,F,I,1,31,9.9,1,0,No,27.3
CRC0380,4.9,1,92,F,III,1,43,7.8,0,4,No,22.4
CRC0381,4.1,1,57,M,IV,1,32,6.3,0,5,Yes,34.1
CRC0382,74.3,1,70,M,III,1,51,9.4,1,4,Yes,30.4
CRC0383,50.1,0,71,M,III,2,49,5.1,0,7,Yes,24.0
CRC0384,54.2,0,78,M,III,2,65,4.6,0,1,Yes,26.7
CRC0385,49.3,1,74,M,I,1,23,8.8,1,0,No,28.5
CRC0386,69.8,1,75,F,II,1,48,13.6,2,0,No,24.3
CRC0387,52.2,1,52,M,II,2,57,9.1,0,0,No,24.3
CRC0388,60.6,0,61,F,III,2,33,5.2,0,2,Yes,34.1
CRC0389,26.2,1,51,M,II,2,58,1.4,1,0,No,23.8
CRC0390,40.5,1,54,F,I,3,15,0.7,0,0,No,39.6
CRC0391,70.5,1,81,M,II,2,37,2.8,0,0,No,24.3
CRC0392,47.9,0,64,M,III,1,30,5.1,1,3,Yes,19.6
CRC0393,13.6,1,53,F,II,2,20,2.2,2,0,No,33.9
CRC0394,40.6,0,63,F,III,1,36,2.4,0,3,Yes,26.1
CRC0395,27.2,0,77,F,II,2,60,4.4,0,0,No,21.2
CRC0396,27.1,0,57,M,I,1,37,7.2,0,0,No,25.1
CRC0397,29.2,0,62,M,I,1,34,0.7,0,0,No,31.7
CRC0398,24.5,0,56,M,I,2,22,2.3,0,0,No,25.7
CRC0399,40.0,0,56,M,I,2,25,4.2,2,0,No,33.6
CRC0400,49.7,1,71,F,III,3,32,29.8,0,3,No,31.0
CRC0401,26.6,1,81,F,I,1,25,6.7,0,0,No,28.0
CRC0402,49.0,1,59,F,IV,3,42,11.8,0,6,Yes,27.2
CRC0403,26.9,1,84,M,III,3,30,3.5,1,3,Yes,27.1
CRC0404,48.8,0,57,F,III,2,40,7.9,1,3,Yes,25.0
CRC0405,10.3,0,87,F,III,1,19,26.4,0,5,No,32.3
CRC0406,11.3,1,69,F,IV,3,45,1.3,0,5,No,26.0
CRC0407,40.6,1,88,F,III,1,20,5.5,1,2,No,20.9
CRC0408,1.7,1,55,M,II,2,49,11.6,0,0,No,23.8
CRC0409,8.8,1,76,M,III,2,48,8.1,1,4,Yes,32.3
CRC0410,65.9,0,77,F,I,1,16,4.0,0,0,No,28.4
CRC0411,32.5,1,56,F,II,2,45,6.2,0,0,No,30.2
CRC0412,79.2,1,54,F,I,1,43,1.4,0,0,No,23.1
CRC0413,7.8,1,64,F,IV,3,40,20.7,0,10,Yes,28.9
CRC0414,84.9,0,58,M,II,2,29,4.0,1,0,No,29.7
CRC0415,6.0,1,78,M,IV,2,68,13.6,0,6,No,18.2
CRC0416,1.2,1,60,M,IV,2,54,5.2,0,5,Yes,27.5
CRC0417,61.6,0,64,M,II,2,17,7.9,0,0,No,21.2
CRC0418,35.6,1,67,F,III,3,65,3.4,0,2,No,33.6
CRC0419,58.9,0,86,M,II,3,23,4.3,0,0,No,21.8
CRC0420,33.2,1,78,M,II,1,73,6.9,2,0,No,32.3
CRC0421,0.3,1,75,M,IV,2,40,9.6,1,8,No,29.6
CRC0422,10.2,1,67,M,IV,3,60,25.2,0,3,Yes,17.8
CRC0423,72.1,0,70,M,I,2,33,2.3,1,0,No,29.6
CRC0424,48.3,0,45,F,III,3,46,6.5,0,3,Yes,29.1
CRC0425,48.1,0,64,M,III,3,34,1.7,2,6,Yes,28.1
CRC0426,3.4,1,55,F,II,3,28,1.4,0,0,No,22.6
CRC0427,60.8,0,67,F,I,1,26,2.5,0,0,No,35.1
CRC0428,47.2,1,65,F,II,2,45,3.0,1,0,No,23.9
CRC0429,17.1,1,59,M,III,2,62,9.6,1,3,Yes,24.8
CRC0430,59.8,0,67,M,I,1,16,3.8,1,0,No,29.9
CRC0431,3.2,1,68,M,III,2,38,20.4,1,8,No,30.7
CRC0432,55.4,1,54,M,IV,1,45,15.9,1,2,Yes,24.9
CRC0433,31.0,0,74,M,I,1,44,5.1,0,0,No,31.1
CRC0434,11.0,1,70,F,III,2,26,10.1,0,5,No,27.3
CRC0435,46.6,0,64,F,II,3,37,5.5,0,0,No,24.5
CRC0436,15.1,1,71,F,III,1,39,3.6,2,3,Yes,26.4
CRC0437,28.4,0,80,F,III,3,47,5.1,1,2,Yes,24.1
CRC0438,30.1,0,79,M,II,1,41,2.8,0,0,No,26.5
CRC0439,75.6,0,77,M,II,1,25,0.9,1,0,No,28.6
CRC0440,61.6,0,69,F,I,1,65,1.2,0,0,No,34.1
CRC0441,16.3,1,91,F,III,2,34,11.6,2,3,No,28.4
CRC0442,36.2,0,85,M,II,2,42,6.2,0,0,No,27.7
CRC0443,32.4,1,45,M,IV,1,47,8.4,0,7,Yes,23.4
CRC0444,37.1,1,76,F,IV,2,34,9.2,0,5,No,32.8
CRC0445,47.9,0,42,M,I,1,28,1.3,0,0,No,29.9
CRC0446,4.5,1,77,M,IV,3,54,14.9,2,5,Yes,30.8
CRC0447,67.1,0,78,F,II,2,40,4.9,0,0,No,33.6
CRC0448,21.6,1,67,M,III,2,95,8.3,2,4,No,30.1
CRC0449,11.7,1,66,F,IV,1,50,12.3,0,5,Yes,31.0
CRC0450,72.6,0,72,M,II,2,35,6.6,1,0,No,23.2
CRC0451,91.3,0,75,F,II,1,45,1.8,0,0,No,22.2
CRC0452,64.8,1,69,F,IV,2,23,5.4,0,7,No,23.1
CRC0453,84.8,1,50,F,III,2,42,8.7,0,4,No,23.1
CRC0454,29.5,0,60,M,II,1,18,12.6,0,0,No,25.7
CRC0455,38.1,1,78,M,II,2,29,1.4,1,0,No,23.1
CRC0456,49.9,0,68,M,III,3,32,8.3,0,5,Yes,28.3
CRC0457,27.6,1,67,M,II,2,24,4.7,0,0,No,33.3
CRC0458,46.7,1,81,F,I,2,28,3.3,1,0,No,21.5
CRC0459,12.7,0,63,F,II,2,40,7.6,0,0,No,27.4
CRC0460,5.2,1,56,M,IV,2,31,9.0,0,5,No,19.3
CRC0461,28.4,0,55,F,II,2,30,2.6,0,0,No,24.2
CRC0462,71.6,1,84,F,II,2,33,4.2,0,0,No,31.6
CRC0463,36.9,0,60,F,II,1,19,9.6,0,0,No,21.1
CRC0464,30.0,1,82,M,III,2,64,5.9,2,3,Yes,30.8
CRC0465,8.2,1,68,M,IV,2,35,9.9,0,7,Yes,29.7
CRC0466,43.7,0,64,M,III,2,38,16.9,0,3,No,28.8
CRC0467,30.7,0,72,M,I,2,22,2.3,1,0,No,29.0
CRC0468,28.4,1,63,F,IV,2,29,7.2,0,5,No,28.5
CRC0469,3.8,0,54,M,III,2,40,4.7,1,2,Yes,16.5
CRC0470,53.0,1,75,M,II,2,38,9.1,1,0,No,28.1
CRC0471,30.6,0,75,M,I,1,26,1.8,1,0,No,29.1
CRC0472,90.9,0,59,M,II,2,23,3.1,0,0,No,36.1
CRC0473,46.5,1,57,M,III,3,53,1.4,1,4,Yes,26.3
CRC0474,50.5,0,90,F,II,1,35,11.1,1,0,No,27.5
CRC0475,27.4,0,69,F,III,2,77,8.6,0,6,Yes,30.6
CRC0476,87.6,0,76,M,II,1,20,11.5,0,0,No,37.6
CRC0477,63.7,0,57,M,III,3,46,10.7,0,4,Yes,24.3
CRC0478,41.1,1,56,M,III,2,34,1.7,0,4,Yes,26.5
CRC0479,77.2,0,86,F,II,1,41,1.2,0,0,No,33.0
CRC0480,54.9,1,52,M,III,2,37,7.0,1,2,Yes,31.3
CRC0481,33.3,1,49,F,IV,1,29,23.8,0,6,No,20.2
CRC0482,8.1,1,73,M,II,1,34,16.6,2,0,No,34.1
CRC0483,42.0,0,64,M,III,2,39,4.2,1,3,Yes,31.5
CRC0484,32.7,1,56,F,III,2,64,17.4,0,6,Yes,27.7
CRC0485,69.4,0,54,F,II,2,29,3.1,0,0,No,17.8
CRC0486,84.9,0,69,M,II,2,28,5.8,0,0,No,26.1
CRC0487,28.9,0,68,M,I,3,29,1.8,0,0,No,31.0
CRC0488,0.6,1,64,F,III,3,23,2.9,0,4,Yes,27.8
CRC0489,38.8,1,59,M,III,2,33,8.8,2,5,Yes,20.1
CRC0490,43.4,1,81,M,III,2,35,8.5,1,4,No,26.2
CRC0491,55.8,0,47,F,III,2,39,2.5,0,2,Yes,23.5
CRC0492,25.5,0,78,M,I,1,22,3.4,0,0,No,27.8
CRC0493,2.3,1,92,M,III,2,22,27.1,2,4,Yes,29.2
CRC0494,16.5,1,62,F,II,2,37,15.6,0,0,No,31.7
CRC0495,23.4,1,72,F,II,2,25,1.4,1,0,No,24.0
CRC0496,20.7,1,53,M,IV,2,21,2.9,0,6,Yes,24.8
CRC0497,37.0,1,58,M,IV,3,41,35.7,0,5,Yes,29.8
CRC0498,45.8,0,91,M,II,1,27,2.8,0,0,No,35.6
CRC0499,42.1,1,73,F,I,2,24,1.9,2,0,No,13.7
CRC0500,86.0,0,79,M,II,3,47,1.1,0,0,No,34.1
CRC0501,7.4,1,77,F,II,1,26,19.9,2,0,No,25.3
CRC0502,6.2,0,46,M,IV,1,56,12.5,0,8,Yes,24.7
CRC0503,70.6,0,47,M,II,1,40,1.2,1,0,No,30.4
CRC0504,69.4,1,59,F,IV,2,40,26.5,0,5,No,31.7
CRC0505,36.1,0,74,F,II,2,25,3.5,0,0,No,23.0
CRC0506,73.3,1,47,F,III,2,62,2.6,1,3,Yes,32.2
CRC0507,11.1,1,73,F,IV,3,40,10.3,0,7,No,25.2
CRC0508,36.7,1,66,M,II,2,39,1.0,0,0,No,26.8
CRC0509,64.8,1,83,M,III,2,21,7.2,1,2,Yes,29.2
CRC0510,19.6,1,62,M,III,3,34,13.7,2,8,No,25.7
CRC0511,8.4,1,58,M,III,2,41,11.6,0,2,Yes,25.6
CRC0512,36.2,1,60,M,II,2,22,7.1,0,0,No,30.0
CRC0513,52.0,0,61,F,III,1,37,8.8,1,4,No,22.5
CRC0514,67.5,0,57,M,I,2,20,3.7,0,0,No,16.0
CRC0515,53.5,0,53,M,I,1,55,2.0,0,0,No,24.4
CRC0516,38.7,1,69,F,IV,2,41,11.0,0,3,Yes,26.2
CRC0517,70.3,1,92,M,I,1,22,3.6,0,0,No,33.5
CRC0518,80.7,0,71,F,I,2,22,1.8,0,0,No,31.0
CRC0519,28.2,0,83,F,III,2,23,2.3,2,2,Yes,35.0
CRC0520,71.3,0,54,M,I,1,20,4.2,0,0,No,27.8
CRC0521,94.8,0,77,F,I,2,21,3.0,1,0,No,20.4
CRC0522,41.3,1,69,M,II,2,31,4.7,0,0,No,21.1
CRC0523,21.8,1,77,F,III,3,68,3.9,2,2,Yes,31.3
CRC0524,52.8,0,71,M,I,1,30,0.9,1,0,No,25.4
CRC0525,4.7,1,58,F,IV,1,56,20.9,0,4,Yes,25.0
CRC0526,47.4,1,57,M,IV,2,36,1.5,0,5,Yes,25.6
CRC0527,13.2,1,70,F,III,2,25,7.4,0,5,No,31.0
CRC0528,25.0,1,61,M,III,2,33,2.9,0,6,Yes,25.7
CRC0529,19.3,1,75,F,I,2,47,1.9,1,0,No,24.1
CRC0530,36.1,0,58,M,III,3,44,1.9,0,3,No,25.9
CRC0531,12.1,1,65,M,IV,3,34,9.9,0,9,No,22.4
CRC0532,8.6,1,71,M,IV,3,47,10.6,0,5,Yes,20.8
CRC0533,1.0,1,69,F,II,1,37,18.1,0,0,No,25.4
CRC0534,7.6,1,69,M,III,1,53,1.4,0,3,Yes,24.0
CRC0535,43.2,1,69,M,I,1,21,1.6,1,0,No,25.8
CRC0536,37.1,1,46,F,III,2,59,4.6,1,2,Yes,29.1
CRC0537,28.0,0,40,F,III,1,26,6.0,1,6,Yes,34.0
CRC0538,95.8,0,79,M,II,3,40,1.6,0,0,No,27.6
CRC0539,61.1,1,81,M,II,2,53,6.2,2,0,No,29.4
CRC0540,18.5,1,75,F,IV,2,42,33.3,1,4,Yes,35.3
CRC0541,85.6,0,77,F,II,2,64,2.9,0,0,No,26.6
CRC0542,51.1,1,62,F,II,2,52,2.8,0,0,No,28.3
CRC0543,15.0,1,37,M,II,2,25,16.4,0,0,No,29.8
CRC0544,9.8,1,62,F,I,1,16,1.3,1,0,No,24.7
CRC0545,30.6,1,80,M,II,1,23,6.3,0,0,No,21.1
CRC0546,89.9,0,62,M,II,3,22,2.3,0,0,No,25.0
CRC0547,45.3,0,61,M,II,1,40,7.8,0,0,No,32.4
CRC0548,65.2,0,74,M,III,1,39,7.6,0,4,No,22.2
CRC0549,11.8,1,61,M,IV,1,53,63.4,0,7,Yes,36.6
CRC0550,36.4,0,62,F,II,1,27,1.4,1,0,No,30.1
CRC0551,36.2,0,58,F,II,2,48,2.1,0,0,No,24.0
CRC0552,95.9,0,63,M,I,1,62,0.6,0,0,No,26.0
CRC0553,7.6,1,71,M,III,3,44,1.8,1,3,Yes,32.4
CRC0554,58.9,1,83,F,II,2,19,2.4,0,0,No,30.0
CRC0555,1.4,1,82,F,IV,2,49,11.2,1,5,Yes,25.4
CRC0556,4.0,1,61,M,III,2,53,9.7,0,5,No,31.8
CRC0557,11.6,1,64,F,III,3,61,8.3,0,3,Yes,33.1
CRC0558,30.8,1,73,M,III,2,32,5.6,0,5,Yes,26.9
CRC0559,68.4,0,61,F,I,1,22,2.4,0,0,No,24.7
CRC0560,13.7,1,42,M,III,2,38,5.2,1,4,Yes,16.9
CRC0561,59.0,0,86,M,II,2,34,3.2,1,0,No,27.1
CRC0562,68.3,0,55,M,III,1,60,2.5,0,2,Yes,18.3
CRC0563,46.7,0,68,M,III,2,32,8.2,0,1,Yes,24.0
CRC0564,35.3,0,65,M,I,1,33,2.3,0,0,No,35.1
CRC0565,19.3,1,68,M,IV,2,42,17.2,1,7,Yes,27.6
CRC0566,39.7,0,61,M,I,2,47,1.0,1,0,No,31.0
CRC0567,14.9,1,68,M,III,3,38,5.6,0,8,Yes,30.5
CRC0568,18.2,0,47,M,III,1,45,3.1,0,5,Yes,23.3
CRC0569,24.4,0,68,F,II,3,31,1.6,0,0,No,32.1
CRC0570,19.4,1,59,M,III,2,41,2.0,2,4,No,23.2
CRC0571,30.7,1,63,F,III,2,50,15.4,1,4,No,21.3
CRC0572,3.6,1,74,M,III,1,19,6.9,2,4,No,25.5
CRC0573,8.1,0,66,F,III,2,36,1.6,0,5,Yes,22.1
CRC0574,43.0,0,76,M,III,2,29,3.8,2,1,Yes,24.2
CRC0575,50.8,0,62,M,II,2,25,2.1,0,0,No,28.5
CRC0576,0.1,1,90,F,III,3,40,9.4,2,6,No,19.1
CRC0577,37.5,0,60,M,III,1,40,4.2,0,4,No,24.6
CRC0578,28.7,1,60,F,II,3,45,3.0,1,0,No,26.2
CRC0579,64.9,0,62,F,III,2,67,6.2,0,4,Yes,28.2
CRC0580,25.9,1,71,M,II,2,24,19.4,0,0,No,23.0
CRC0581,64.9,1,59,M,III,2,34,5.9,0,3,No,27.7
CRC0582,70.0,0,75,M,III,2,46,8.5,0,4,Yes,26.8
CRC0583,21.1,1,63,M,IV,3,45,28.4,0,4,No,20.8
CRC0584,28.8,1,69,M,IV,2,76,9.6,0,2,Yes,22.3
CRC0585,12.8,1,60,F,IV,3,32,9.6,0,7,No,35.7
CRC0586,93.1,0,82,M,II,1,40,1.1,0,0,No,28.1
CRC0587,55.2,0,53,F,III,1,27,2.9,1,7,Yes,31.7
CRC0588,2.7,1,54,M,IV,3,60,206.7,1,5,No,34.1
CRC0589,33.0,1,78,M,III,2,58,3.7,2,2,Yes,28.9
CRC0590,17.6,0,66,M,II,2,36,2.1,0,0,No,25.8
CRC0591,2.8,1,74,M,III,2,41,2.9,0,3,No,28.9
CRC0592,30.1,0,82,M,II,2,16,11.8,1,0,No,30.2
CRC0593,30.0,0,75,F,III,2,30,4.7,1,4,Yes,22.4
CRC0594,10.4,1,58,M,III,3,32,6.6,1,3,No,38.2
CRC0595,38.3,0,67,F,III,1,13,4.4,0,2,Yes,30.2
CRC0596,57.8,0,47,F,I,2,25,3.6,0,0,No,28.6
CRC0597,38.4,0,61,F,III,2,36,9.4,1,4,No,29.7
CRC0598,35.6,0,59,M,II,2,45,7.4,0,0,No,28.0
CRC0599,73.1,0,57,M,II,2,21,1.4,0,0,No,30.4
CRC0600,10.7,1,57,M,III,1,51,16.8,0,4,Yes,28.6
CRC0601,17.2,1,65,M,III,2,38,50.8,0,4,No,32.3
CRC0602,60.3,0,69,F,I,2,49,1.0,0,0,No,21.8
CRC0603,20.9,1,35,M,III,3,63,4.0,1,6,Yes,29.6
CRC0604,24.1,0,79,F,II,3,59,11.0,1,0,No,27.3
CRC0605,24.6,1,62,M,III,1,45,7.5,1,2,No,27.9
CRC0606,25.1,0,64,M,II,1,30,8.1,0,0,No,27.1
CRC0607,13.0,1,71,F,III,1,59,20.3,0,7,No,30.9
CRC0608,30.0,0,92,M,I,2,29,0.9,1,0,No,25.0
CRC0609,31.3,1,91,M,IV,1,38,10.5,0,1,Yes,31.2
CRC0610,47.6,1,59,M,III,2,33,14.2,0,3,Yes,27.7
CRC0611,2.0,1,77,M,IV,3,43,13.2,0,4,Yes,29.2
CRC0612,59.0,0,70,F,I,2,37,2.3,1,0,No,24.1
CRC0613,3.8,1,66,F,II,3,49,5.9,1,0,No,29.0
CRC0614,75.2,0,57,M,III,2,33,17.8,0,5,Yes,32.3
CRC0615,14.0,1,62,F,I,1,38,5.2,0,0,No,27.6
CRC0616,1.5,1,72,M,III,2,21,25.5,1,5,Yes,27.8
CRC0617,50.1,0,69,F,II,1,30,8.0,0,0,No,29.5
CRC0618,39.2,1,92,F,II,2,50,3.4,0,0,No,30.4
CRC0619,81.5,0,57,F,II,2,30,1.8,1,0,No,32.9
CRC0620,40.6,0,67,M,I,2,25,8.1,0,0,No,25.7
CRC0621,39.8,0,67,M,III,2,30,11.2,1,4,No,26.9
CRC0622,30.5,1,79,M,IV,1,34,9.4,0,6,No,26.2
CRC0623,7.3,1,69,F,III,2,27,3.9,0,1,No,22.9
CRC0624,9.7,1,72,F,III,3,19,7.2,1,1,Yes,28.1
CRC0625,19.5,1,58,F,III,1,33,3.6,0,3,Yes,25.2
CRC0626,34.1,0,71,F,I,2,22,1.9,0,0,No,35.1
CRC0627,31.8,0,63,M,II,3,18,8.0,0,0,No,24.0
CRC0628,79.7,0,72,F,II,2,38,2.2,0,0,No,23.7
CRC0629,29.4,0,88,M,II,2,24,2.8,0,0,No,22.9
CRC0630,49.6,0,75,M,I,1,55,7.8,0,0,No,36.4
CRC0631,54.5,1,59,M,III,1,19,6.6,0,5,Yes,29.5
CRC0632,55.5,1,60,M,III,2,40,25.8,1,2,Yes,26.9
CRC0633,44.4,0,65,F,III,1,65,6.8,1,2,Yes,32.6
CRC0634,16.2,1,72,M,IV,2,61,5.4,1,7,Yes,25.8
CRC0635,28.9,0,74,F,I,2,16,5.0,2,0,No,25.7
CRC0636,67.4,0,56,M,IV,3,46,11.3,0,1,No,27.7
CRC0637,28.3,1,80,M,III,2,42,9.0,1,4,Yes,17.2
CRC0638,28.3,0,67,F,III,3,49,16.2,1,4,No,21.7
CRC0639,74.6,0,57,M,I,2,29,7.8,0,0,No,28.3
CRC0640,20.7,1,47,M,III,1,44,45.6,0,5,Yes,25.2
CRC0641,26.6,0,55,F,II,3,57,11.9,0,0,No,20.7
CRC0642,17.5,1,45,M,IV,1,38,4.7,0,6,No,27.9
CRC0643,38.1,0,78,M,III,3,49,3.0,0,2,No,30.8
CRC0644,17.7,1,67,F,II,3,20,8.9,0,0,No,21.3
CRC0645,22.5,0,70,M,I,3,26,1.2,0,0,No,30.9
CRC0646,54.6,0,53,F,III,1,32,2.4,0,4,Yes,28.9
CRC0647,36.3,1,36,M,III,1,67,4.4,0,6,Yes,23.6
CRC0648,18.8,1,64,F,IV,2,81,7.3,0,5,Yes,34.0
CRC0649,65.5,0,62,M,I,3,20,3.3,0,0,No,30.8
CRC0650,18.2,1,62,M,III,2,40,7.3,0,2,Yes,22.1
CRC0651,72.4,0,65,F,I,2,27,1.0,0,0,No,26.7
CRC0652,10.0,1,64,M,IV,2,50,20.0,0,7,Yes,30.2
CRC0653,24.9,0,40,M,I,1,24,0.7,0,0,No,31.6
CRC0654,24.1,0,67,M,III,2,41,12.4,1,4,No,30.5
CRC0655,46.9,0,75,M,III,2,38,3.0,0,3,No,33.4
CRC0656,22.7,1,63,F,I,1,41,4.0,1,0,No,26.8
CRC0657,34.0,1,41,F,III,2,20,2.4,0,3,Yes,38.2
CRC0658,54.5,0,65,M,I,1,46,2.7,0,0,No,23.7
CRC0659,26.8,1,56,M,II,3,29,0.4,0,0,No,22.7
CRC0660,31.0,0,70,F,I,2,19,2.3,0,0,No,25.4
CRC0661,17.7,1,91,F,II,1,41,4.4,1,0,No,30.7
CRC0662,24.3,0,48,M,III,2,33,5.0,0,4,Yes,21.3
CRC0663,32.2,0,44,M,III,1,68,40.0,1,5,Yes,32.1
CRC0664,6.4,1,74,F,III,2,26,6.9,2,1,Yes,33.0
CRC0665,45.6,0,44,M,II,2,32,2.3,0,0,No,20.3
CRC0666,88.0,0,76,M,III,3,53,10.7,0,2,Yes,29.5
CRC0667,72.3,0,66,M,I,2,25,8.9,1,0,No,28.5
CRC0668,54.9,0,58,M,III,1,31,3.8,0,5,No,25.7
CRC0669,72.5,0,47,M,II,3,63,1.2,1,0,No,30.2
CRC0670,35.4,0,61,F,III,2,39,9.3,0,3,Yes,42.2
CRC0671,24.8,0,62,M,II,3,33,3.9,1,0,No,28.1
CRC0672,39.0,1,70,M,III,1,31,8.3,1,4,No,29.9
CRC0673,13.5,1,82,F,I,2,25,3.7,1,0,No,29.5
CRC0674,31.3,0,56,F,II,3,29,2.2,0,0,No,21.8
CRC0675,25.4,0,75,M,I,1,28,0.6,0,0,No,22.1
CRC0676,31.2,0,76,F,II,2,30,21.2,0,0,No,22.1
CRC0677,36.6,0,60,M,II,2,27,1.7,0,0,No,31.3
CRC0678,28.1,0,59,M,III,2,54,5.5,1,2,Yes,32.7
CRC0679,65.7,0,73,M,I,2,18,4.2,0,0,No,25.4
CRC0680,9.4,1,41,F,IV,3,20,5.1,0,3,Yes,24.0
CRC0681,30.9,0,69,M,II,2,38,3.9,2,0,No,19.6
CRC0682,63.0,1,50,F,III,1,38,9.8,0,2,Yes,28.2
CRC0683,40.4,1,60,M,IV,3,29,2.8,0,7,No,29.4
CRC0684,25.6,1,66,M,II,1,21,6.2,0,0,No,30.1
CRC0685,52.9,0,58,F,I,2,39,1.6,0,0,No,21.0
CRC0686,37.4,1,60,M,II,2,43,8.0,1,0,No,32.9
CRC0687,25.7,0,62,M,I,2,24,1.2,0,0,No,27.4
CRC0688,15.3,0,80,M,IV,2,41,4.6,1,4,No,30.2
CRC0689,27.7,1,41,M,III,2,43,8.5,1,3,Yes,25.4
CRC0690,31.2,1,84,F,III,1,25,6.2,1,2,Yes,27.3
CRC0691,32.5,1,75,M,III,3,41,16.6,0,3,No,31.7
CRC0692,36.8,0,45,M,II,2,50,1.1,2,0,No,23.9
CRC0693,45.8,1,72,M,IV,3,47,20.2,0,5,Yes,27.1
CRC0694,59.2,0,61,M,III,1,49,10.6,2,1,No,31.8
CRC0695,5.0,1,55,M,III,3,54,4.0,0,4,Yes,24.0
CRC0696,31.3,1,67,M,IV,2,47,6.2,0,5,Yes,31.6
CRC0697,8.2,1,72,M,IV,2,36,16.4,1,7,Yes,24.7
CRC0698,17.3,1,70,M,III,2,43,7.0,2,8,Yes,31.5
CRC0699,18.5,1,48,M,IV,2,50,22.5,0,2,Yes,31.7
CRC0700,38.0,1,57,F,II,1,29,1.6,0,0,No,32.9
CRC0701,41.4,0,58,M,I,3,29,10.3,0,0,No,30.9
CRC0702,33.2,0,70,F,II,2,27,2.8,0,0,No,24.2
CRC0703,75.4,0,74,F,II,2,50,7.1,0,0,No,32.1
CRC0704,46.2,1,63,M,II,2,24,11.7,0,0,No,25.8
CRC0705,82.0,0,75,M,II,3,27,3.3,0,0,No,18.4
CRC0706,60.3,0,67,M,II,2,28,3.7,0,0,No,28.0
CRC0707,77.7,0,71,M,II,2,44,1.4,0,0,No,33.7
CRC0708,17.5,1,57,M,IV,1,70,19.4,1,8,Yes,24.6
CRC0709,88.3,0,84,F,II,2,26,6.4,0,0,No,27.3
CRC0710,9.5,1,77,M,IV,2,43,4.9,0,7,No,30.7
CRC0711,12.1,1,71,M,II,2,50,6.5,2,0,No,21.8
CRC0712,30.7,1,48,F,III,2,31,23.9,0,4,No,25.0
CRC0713,64.2,1,72,F,III,2,24,24.1,1,2,No,19.0
CRC0714,10.5,1,75,M,IV,3,43,18.3,2,4,Yes,20.0
CRC0715,19.8,1,72,M,III,1,31,9.5,1,4,No,31.9
CRC0716,26.8,1,54,M,IV,3,60,5.1,0,4,No,25.2
CRC0717,72.9,0,59,M,I,2,37,1.6,0,0,No,19.9
CRC0718,60.9,1,90,F,II,1,56,9.2,1,0,No,25.8
CRC0719,0.3,1,53,M,IV,3,40,20.1,1,6,Yes,23.5
CRC0720,24.4,1,54,M,IV,1,27,20.8,0,3,Yes,28.3
CRC0721,73.2,0,69,M,I,1,30,3.2,0,0,No,33.4
CRC0722,84.4,0,82,F,II,2,50,1.3,0,0,No,27.2
CRC0723,45.0,1,65,M,II,2,18,2.9,0,0,No,17.3
CRC0724,83.6,0,70,F,III,2,39,4.1,0,7,Yes,26.1
CRC0725,26.0,0,73,M,II,2,61,6.0,0,0,No,20.1
CRC0726,35.1,1,44,M,II,2,24,4.4,1,0,No,28.8
CRC0727,24.7,1,57,F,IV,1,58,10.0,1,5,No,28.8
CRC0728,6.6,0,59,F,I,2,17,7.5,0,0,No,28.6
CRC0729,1.0,1,62,M,IV,2,48,50.6,0,8,Yes,29.5
CRC0730,88.2,0,56,M,II,2,38,8.8,0,0,No,22.6
CRC0731,29.0,1,64,M,II,1,34,2.9,1,0,No,28.1
CRC0732,5.2,1,87,M,III,1,48,8.7,0,3,Yes,27.6
CRC0733,13.1,1,68,M,III,2,41,12.7,0,4,Yes,22.6
CRC0734,55.8,1,80,F,III,2,58,1.1,0,7,No,25.8
CRC0735,6.5,1,67,M,IV,2,36,10.6,1,7,Yes,31.5
CRC0736,31.0,1,68,M,III,1,59,3.5,0,2,No,24.9
CRC0737,94.8,0,66,F,I,2,17,0.8,0,0,No,25.6
CRC0738,58.8,0,78,M,II,1,75,6.4,1,0,No,14.8
CRC0739,51.9,1,61,F,III,1,56,4.9,1,4,No,31.8
CRC0740,19.8,1,64,F,III,1,60,59.1,1,2,Yes,29.8
CRC0741,39.2,0,48,F,II,3,37,3.6,0,0,No,22.0
CRC0742,73.0,1,73,F,I,2,28,14.0,0,0,No,22.8
CRC0743,56.4,0,56,F,I,2,27,16.6,0,0,No,35.5
CRC0744,40.9,1,73,F,II,2,57,2.1,1,0,No,23.4
CRC0745,5.2,1,72,F,IV,1,60,6.9,0,4,Yes,23.7
CRC0746,28.5,0,68,M,II,3,43,7.2,1,0,No,32.0
CRC0747,47.9,1,65,M,II,1,24,6.0,0,0,No,22.8
CRC0748,53.5,0,58,F,II,3,37,1.2,1,0,No,31.2
CRC0749,46.5,0,60,M,III,2,40,8.2,0,3,Yes,25.4
CRC0750,29.3,1,60,M,II,3,33,5.2,0,0,No,27.2
CRC0751,27.2,0,73,M,III,3,33,25.8,1,3,No,31.2
CRC0752,64.5,0,70,F,I,1,19,3.0,0,0,No,31.3
CRC0753,56.3,0,63,F,II,1,92,4.4,0,0,No,29.3
CRC0754,3.8,0,76,F,IV,2,52,5.9,0,7,Yes,21.5
CRC0755,35.1,0,77,F,III,1,64,2.0,0,4,Yes,31.7
CRC0756,1.3,1,33,M,II,2,17,13.2,0,0,No,27.6
CRC0757,47.2,1,56,F,III,2,94,1.6,0,7,No,26.6
CRC0758,73.5,0,81,M,II,2,21,7.6,1,0,No,24.6
CRC0759,8.6,1,73,F,IV,2,52,4.9,0,3,Yes,32.3
CRC0760,43.7,0,62,F,I,2,30,1.4,1,0,No,28.8
CRC0761,20.1,0,74,M,II,2,44,3.5,1,0,No,30.0
CRC0762,6.6,1,76,F,IV,2,46,20.4,0,6,Yes,20.1
CRC0763,49.5,0,76,F,I,1,46,10.4,2,0,No,22.2
CRC0764,48.0,0,56,F,III,2,26,4.7,0,2,No,29.0
CRC0765,21.5,1,60,F,IV,2,42,3.9,0,6,Yes,24.8
CRC0766,10.4,1,73,M,II,3,36,5.8,0,0,No,23.3
CRC0767,68.6,1,68,M,III,2,22,19.0,1,2,Yes,26.6
CRC0768,68.2,0,70,M,I,1,16,1.8,1,0,No,26.6
CRC0769,93.4,0,42,M,I,2,23,1.5,0,0,No,30.3
CRC0770,35.7,0,76,M,II,3,45,2.3,1,0,No,33.1
CRC0771,3.2,1,66,M,IV,3,46,6.1,0,5,No,33.7
CRC0772,70.3,0,58,F,I,2,60,0.8,0,0,No,26.9
CRC0773,31.7,1,61,M,I,3,62,1.8,0,0,No,37.4
CRC0774,15.5,1,58,F,I,1,24,9.7,1,0,No,28.1
CRC0775,12.2,1,81,F,IV,3,46,3.1,1,6,Yes,23.5
CRC0776,22.9,1,57,F,IV,2,34,15.3,0,5,No,29.1
CRC0777,20.8,1,71,F,IV,1,48,8.3,0,4,No,25.4
CRC0778,82.1,0,59,F,I,3,28,3.5,1,0,No,32.3
CRC0779,66.3,0,56,F,II,1,21,11.9,0,0,No,25.4
CRC0780,9.5,1,63,M,III,3,29,6.3,0,3,Yes,25.9
CRC0781,23.4,1,75,F,III,3,48,24.5,0,3,Yes,23.8
CRC0782,5.8,1,56,M,IV,3,37,9.7,0,5,No,20.2
CRC0783,38.4,1,44,M,III,1,26,24.7,0,5,Yes,25.5
CRC0784,62.9,1,70,F,III,2,70,2.7,0,3,Yes,30.8
CRC0785,84.5,0,53,F,II,3,68,9.1,0,0,No,25.8
CRC0786,24.8,1,67,F,III,1,36,9.7,0,4,No,32.3
CRC0787,27.4,0,81,F,III,2,57,11.4,1,3,No,20.2
CRC0788,19.6,1,73,F,III,3,56,2.1,0,3,Yes,28.9
CRC0789,47.8,1,72,M,III,1,44,17.5,1,5,Yes,28.0
CRC0790,45.3,0,39,M,I,2,16,2.1,0,0,No,34.0
CRC0791,51.5,0,63,F,II,1,33,4.6,0,0,No,33.2
CRC0792,37.9,0,72,M,II,2,45,4.1,0,0,No,31.8
CRC0793,83.8,0,66,F,II,2,32,8.1,0,0,No,23.5
CRC0794,42.7,1,67,F,II,2,62,6.2,1,0,No,23.6
CRC0795,19.6,1,57,M,III,3,38,3.8,0,1,No,25.8
CRC0796,0.7,1,80,M,IV,2,44,9.6,0,3,Yes,30.4
CRC0797,34.7,1,56,F,IV,2,33,8.2,1,6,Yes,25.7
CRC0798,34.9,0,62,M,I,1,29,5.0,0,0,No,30.5
CRC0799,38.1,0,53,M,III,1,41,4.4,0,4,No,25.6
CRC0800,11.4,1,70,M,IV,3,44,8.3,1,10,No,21.9
