ID,Age,Sex,BMI,HbA1c,HOMA2_B,HOMA2_IR,GADA,Systolic_BP,Target
P0001,51,F,34.4,54.0,122.3,2.8,Negative,123,MOD
P0002,72,M,30.7,77.0,56.2,1.54,Negative,137,SIDD
P0003,66,F,29.2,51.0,91.4,2.59,Negative,122,MARD
P0004,65,M,23.3,64.0,112.4,3.57,Negative,148,MARD
P0005,53,M,26.9,87.0,37.9,3.35,Negative,145,SIDD
P0006,59,M,26.0,74.0,47.7,2.3,Negative,107,SIDD
P0007,72,M,30.4,41.0,66.9,2.49,Negative,133,MARD
P0008,51,M,31.5,52.0,138.7,2.46,Negative,124,MOD
P0009,66,M,26.7,95.0,49.8,2.56,Negative,149,SIDD
P0010,72,M,38.3,61.0,110.8,2.37,Negative,149,MARD
P0011,67,F,28.0,53.0,92.2,1.62,Negative,143,MARD
P0012,60,F,26.5,58.0,93.7,2.57,Negative,111,MARD
P0013,54,M,35.5,50.0,163.2,6.86,Negative,127,SIRD
P0014,68,F,23.2,59.0,87.6,2.03,Negative,164,MARD
P0015,50,M,37.2,90.0,28.5,2.34,Negative,148,SIDD
P0016,52,M,29.3,95.0,76.7,1.69,Positive,151,SAID
P0017,54,F,23.6,94.0,44.1,2.26,Negative,131,SIDD
P0018,70,F,25.8,47.0,69.9,2.95,Negative,122,MARD
P0019,72,F,30.2,56.0,89.9,3.36,Negative,166,MARD
P0020,58,F,27.4,104.0,5.5,2.61,Negative,109,SIDD
P0021,42,M,45.1,67.0,98.9,3.16,Negative,111,MOD
P0022,61,M,26.2,51.0,73.8,,Negative,142,MARD
P0023,76,M,26.1,44.0,105.2,2.39,Negative,160,MARD
P0024,78,F,31.7,63.0,151.3,7.46,Positive,124,SIRD
P0025,43,F,40.0,58.0,83.1,3.26,Negative,147,MOD
P0026,47,F,22.1,90.0,22.6,2.3,Negative,114,SIDD
P0027,53,M,26.0,56.0,81.0,2.56,Negative,111,MARD
P0028,68,F,25.4,58.0,90.7,2.79,Negative,147,MARD
P0029,62,M,25.0,103.0,23.9,2.02,Negative,124,SIDD
P0030,54,M,37.2,46.0,94.0,3.29,Negative,149,MOD
P0031,55,M,31.3,108.0,62.8,1.67,Negative,133,SIDD
P0032,50,M,38.7,49.0,130.3,2.63,Negative,123,MOD
P0033,67,M,34.7,64.0,181.1,8.05,Negative,151,SIRD
P0034,51,M,37.1,54.0,100.4,3.05,Negative,151,MOD
P0035,49,M,34.8,115.0,62.3,2.91,Negative,125,SIDD
P0036,70,M,30.4,50.0,101.6,2.33,Negative,120,MARD
P0037,86,M,23.5,43.0,130.7,2.6,Negative,139,MARD
P0038,49,M,28.3,79.0,64.1,1.8,Negative,146,SIDD
P0039,86,F,30.6,47.0,89.7,1.97,Negative,140,MARD
P0040,66,M,29.8,44.0,78.6,2.4,Negative,138,MARD
P0041,61,F,20.1,93.0,70.1,2.73,Negative,125,SIDD
P0042,47,M,42.7,63.0,103.4,3.96,Negative,121,MOD
P0043,61,M,26.3,61.0,160.3,6.13,Negative,130,SIRD
P0044,66,M,27.5,53.0,115.2,3.09,Negative,133,SIRD
P0045,72,F,30.9,45.0,74.1,2.95,Negative,122,MARD
P0046,69,F,25.5,42.0,81.3,1.68,Positive,136,MARD
P0047,73,F,34.5,66.0,194.8,5.74,Negative,128,SIRD
P0048,72,F,30.9,48.0,76.3,2.33,Negative,137,MARD
P0049,69,M,22.9,69.0,33.8,1.65,Positive,151,SAID
P0050,52,M,27.0,101.0,62.4,2.34,Negative,111,SIDD
P0051,34,M,35.2,63.0,86.7,4.0,Negative,143,MOD
P0052,71,M,25.8,38.0,105.4,1.98,Negative,143,MARD
P0053,73,M,29.2,47.0,125.0,2.74,Negative,118,MARD
P0054,44,F,17.3,62.0,56.4,1.78,Positive,153,SAID
P0055,77,M,25.0,58.0,161.2,6.16,Negative,137,SIRD
P0056,71,M,28.2,39.0,87.0,3.23,Negative,156,MARD
P0057,34,M,25.9,93.0,34.0,2.87,Negative,115,SIDD
P0058,57,F,30.2,116.0,47.0,2.99,Negative,141,SIDD
P0059,79,F,28.8,55.0,78.7,2.95,Negative,123,MARD
P0060,66,M,23.2,42.0,97.9,3.11,Negative,129,MARD
P0061,62,F,26.8,58.0,101.3,2.03,Negative,156,MARD
P0062,47,F,21.2,61.0,21.6,2.19,Positive,138,SAID
P0063,38,M,35.0,52.0,97.0,2.83,Negative,129,MOD
P0064,66,M,31.8,38.0,143.2,5.52,Negative,134,SIRD
P0065,63,F,28.3,65.0,51.8,2.64,Negative,141,SIDD
P0066,71,F,29.5,49.0,76.5,2.62,Negative,138,MARD
P0067,53,F,40.0,60.0,111.5,3.46,Negative,146,MOD
P0068,48,M,38.0,41.0,145.7,2.48,Negative,128,MOD
P0069,56,F,32.0,86.0,39.6,2.37,Negative,138,SIDD
P0070,65,M,30.0,44.0,90.2,3.18,Negative,149,MARD
P0071,68,M,34.1,92.0,58.8,2.26,Negative,91,SIDD
P0072,57,F,22.1,88.0,34.7,1.94,Positive,137,SAID
P0073,71,F,25.1,42.0,56.7,1.97,Negative,133,MARD
P0074,40,F,37.6,61.0,142.5,3.77,Negative,120,MOD
P0075,64,M,26.9,41.0,67.6,2.59,Negative,141,MARD
P0076,63,M,24.2,76.0,37.8,1.72,Negative,126,SIDD
P0077,67,M,29.1,104.0,57.5,1.8,Negative,132,SIDD
P0078,61,M,32.8,48.0,116.5,2.1,Negative,153,MARD
P0079,57,M,25.6,41.0,105.3,2.51,Positive,156,MARD
P0080,58,M,27.9,47.0,118.5,2.3,Negative,126,MARD
P0081,76,M,35.1,45.0,209.2,6.87,Negative,149,SIRD
P0082,26,M,27.1,79.0,56.7,1.28,Positive,143,SAID
P0083,74,F,23.6,47.0,108.7,2.14,Negative,110,MARD
P0084,66,F,28.7,43.0,106.1,2.17,Negative,137,MARD
P0085,60,F,30.6,49.0,105.1,2.02,Negative,143,MARD
P0086,68,F,29.6,38.0,83.0,1.87,Negative,108,MARD
P0087,52,M,36.3,92.0,48.9,2.04,Negative,127,SIDD
P0088,63,F,31.1,55.0,94.7,3.73,Negative,122,MARD
P0089,58,M,37.1,60.0,185.3,5.89,Negative,145,SIRD
P0090,44,M,40.2,71.0,91.7,2.61,Negative,153,MOD
P0091,67,F,33.8,58.0,105.7,2.68,Negative,135,MARD
P0092,43,M,38.3,47.0,131.6,3.26,Negative,138,MOD
P0093,59,M,30.1,48.0,93.5,2.09,Negative,126,MARD
P0094,63,M,36.4,41.0,117.8,2.97,Negative,136,MOD
P0095,72,M,22.5,67.0,127.0,1.95,Negative,122,MARD
P0096,60,M,30.1,54.0,78.1,3.05,Negative,165,MARD
P0097,36,F,37.3,56.0,117.5,3.38,Negative,130,MOD
P0098,56,M,27.2,89.0,54.9,2.57,Negative,126,SIDD
P0099,49,M,25.6,103.0,52.9,2.4,Negative,129,SIDD
P0100,52,F,31.1,101.0,38.5,2.42,Positive,139,SAID
P0101,64,F,29.0,47.0,141.5,2.09,Negative,143,MARD
P0102,51,M,28.3,61.0,19.8,2.04,Negative,157,SIDD
P0103,48,M,29.1,91.0,42.0,2.44,Positive,160,SAID
P0104,55,M,28.3,58.0,107.5,3.17,Negative,113,MARD
P0105,72,M,42.5,52.0,175.4,7.15,Negative,132,SIRD
P0106,48,F,37.5,56.0,90.6,3.12,Negative,146,MOD
P0107,25,M,32.2,67.0,31.3,2.05,Positive,137,SAID
P0108,52,F,38.9,52.0,139.8,6.53,Positive,120,SIRD
P0109,67,F,33.8,38.0,184.4,5.71,Negative,121,SIRD
P0110,56,M,30.0,109.0,54.7,1.53,Negative,157,SIDD
P0111,43,M,24.4,103.0,82.1,1.8,Negative,170,SIDD
P0112,34,F,37.5,65.0,127.6,3.86,Negative,140,MOD
P0113,35,F,30.2,78.0,53.5,1.88,Negative,145,SIDD
P0114,82,M,22.5,41.0,112.2,2.75,Negative,140,MARD
P0115,40,F,31.5,121.0,50.2,2.36,Negative,146,SIDD
P0116,60,F,30.0,52.0,87.8,2.44,Negative,122,MARD
P0117,65,M,32.7,54.0,150.5,4.51,Negative,145,SIRD
P0118,43,M,26.9,80.0,69.7,0.9,Positive,125,SAID
P0119,58,M,23.6,73.0,59.8,3.26,Negative,116,SIDD
P0120,64,M,30.9,56.0,150.8,5.84,Negative,118,SIRD
P0121,55,M,29.6,55.0,136.9,2.73,Negative,130,MARD
P0122,68,M,32.8,45.0,129.4,2.31,Negative,114,MARD
P0123,54,M,42.9,56.0,118.2,2.9,Negative,121,MOD
P0124,61,F,23.6,52.0,107.6,2.48,Negative,121,MARD
P0125,71,M,34.7,43.0,176.3,5.95,Positive,138,SIRD
P0126,69,F,26.8,49.0,119.5,2.43,Negative,133,MARD
P0127,67,M,35.5,60.0,175.5,5.32,Negative,119,SIRD
P0128,75,M,28.8,51.0,75.8,1.77,Negative,163,MARD
P0129,74,F,27.5,54.0,63.5,2.99,Negative,142,MARD
P0130,60,M,27.7,96.0,51.4,1.91,Negative,126,SIDD
P0131,71,F,22.9,86.0,49.5,2.23,Negative,134,SIDD
P0132,63,F,31.0,46.0,120.4,2.12,Negative,119,MARD
P0133,50,F,24.3,106.0,61.7,1.88,Negative,134,SIDD
P0134,68,F,25.3,47.0,83.3,1.7,Negative,127,MARD
P0135,56,F,28.1,43.0,100.3,2.1,Negative,134,MARD
P0136,50,M,27.0,102.0,32.2,2.17,Negative,147,SIDD
P0137,71,F,24.8,46.0,97.6,2.09,Negative,145,MARD
P0138,73,M,24.7,57.0,98.4,2.4,Negative,128,MARD
P0139,71,F,28.6,59.0,113.2,2.54,Negative,148,MARD
P0140,29,F,40.3,59.0,111.9,3.27,Negative,123,MOD
P0141,33,M,27.0,80.0,45.9,1.76,Positive,138,SAID
P0142,65,F,27.4,53.0,110.5,2.33,Negative,160,MARD
P0143,41,M,25.9,109.0,38.3,2.17,Negative,139,SIDD
P0144,54,F,31.6,69.0,159.2,5.54,Negative,125,SIRD
P0145,72,M,25.7,42.0,80.5,3.24,Negative,146,MARD
P0146,60,F,27.9,84.0,36.7,1.45,Negative,129,SIDD
P0147,43,F,37.2,58.0,90.4,3.1,Negative,139,MOD
P0148,74,F,30.8,53.0,86.1,3.04,Negative,154,MARD
P0149,64,M,29.2,86.0,39.4,2.7,Negative,88,SIDD
P0150,36,F,21.7,84.0,62.6,1.85,Positive,153,SAID
P0151,65,F,29.8,47.0,92.6,2.8,Negative,112,MARD
P0152,68,F,37.8,38.0,130.0,4.62,Negative,131,SIRD
P0153,66,M,29.2,44.0,96.4,,Negative,162,MARD
P0154,82,M,27.7,39.0,117.0,2.99,Negative,122,MARD
P0155,56,M,31.4,48.0,108.6,3.03,Negative,142,MARD
P0156,77,M,29.2,50.0,86.4,1.51,Negative,109,MARD
P0157,63,F,25.7,53.0,123.4,2.81,Negative,137,MARD
P0158,77,M,29.0,54.0,105.6,2.03,Negative,119,MARD
P0159,61,M,30.7,41.0,73.9,2.01,Negative,122,MARD
P0160,64,M,32.0,56.0,151.0,4.49,Negative,136,SIRD
P0161,76,F,26.7,45.0,95.8,2.53,Negative,138,MARD
P0162,66,F,32.2,55.0,101.9,2.59,Negative,130,MARD
P0163,53,M,22.9,78.0,14.1,,Negative,147,SIDD
P0164,33,M,33.9,56.0,101.5,3.24,Positive,154,MOD
P0165,58,M,22.0,44.0,87.2,3.35,Negative,152,MARD
P0166,41,F,40.0,55.0,171.3,3.07,Negative,120,MOD
P0167,77,F,26.2,38.0,106.3,2.38,Positive,107,MARD
P0168,78,F,32.3,53.0,182.5,5.66,Negative,124,SIRD
P0169,73,F,30.3,53.0,180.8,4.96,Negative,140,SIRD
P0170,60,F,27.9,42.0,104.1,2.94,Negative,130,MARD
P0171,33,M,37.6,67.0,111.2,2.85,Negative,119,MOD
P0172,43,M,38.8,47.0,131.4,2.93,Negative,134,MOD
P0173,47,M,25.3,51.0,84.3,2.71,Negative,141,MARD
P0174,83,M,26.3,52.0,86.2,2.97,Negative,114,MARD
P0175,44,F,34.8,50.0,108.0,3.43,Negative,123,MOD
P0176,64,M,27.8,53.0,212.7,6.68,Negative,159,SIRD
P0177,66,M,28.2,102.0,49.6,1.72,Negative,143,SIDD
P0178,61,F,26.2,81.0,52.1,1.5,Negative,118,SIDD
P0179,77,M,36.6,57.0,242.3,9.12,Negative,134,SIRD
P0180,70,F,28.2,40.0,95.6,2.4,Negative,124,MARD
P0181,64,M,32.0,56.0,127.9,5.38,Negative,136,SIRD
P0182,77,M,33.3,40.0,191.5,4.98,Negative,131,SIRD
P0183,56,F,31.1,60.0,138.2,6.87,Negative,138,SIRD
P0184,76,F,30.8,58.0,89.4,2.27,Negative,123,MARD
P0185,68,M,28.9,47.0,110.2,1.11,Negative,118,MARD
P0186,71,F,35.6,51.0,133.4,7.13,Negative,143,SIRD
P0187,51,F,39.1,61.0,115.3,3.26,Negative,139,MOD
P0188,68,M,30.3,57.0,105.2,1.73,Negative,147,MARD
P0189,73,M,24.9,94.0,36.0,1.88,Negative,144,SIDD
P0190,55,F,33.5,65.0,111.4,3.61,Negative,116,MOD
P0191,54,M,31.6,80.0,36.7,2.14,Negative,141,SIDD
P0192,55,M,29.8,68.0,43.2,2.64,Positive,145,SAID
P0193,67,F,34.2,46.0,140.7,2.64,Negative,166,MARD
P0194,52,M,30.8,52.0,82.3,1.87,Negative,114,MARD
P0195,79,M,33.4,46.0,239.0,7.5,Negative,153,SIRD
P0196,55,F,36.9,60.0,186.4,4.27,Negative,150,SIRD
P0197,65,F,29.0,51.0,76.3,2.21,Negative,143,MARD
P0198,70,F,29.5,50.0,144.1,2.62,Negative,140,MARD
P0199,81,F,29.5,43.0,125.6,3.73,Negative,115,SIRD
P0200,70,M,30.1,52.0,87.6,2.34,Negative,126,MARD
P0201,51,M,33.8,43.0,41.8,3.03,Negative,149,MOD
P0202,44,M,41.3,53.0,78.4,3.48,Negative,129,MOD
P0203,77,M,28.1,51.0,114.8,2.0,Negative,127,MARD
P0204,65,M,25.8,108.0,21.9,3.05,Negative,139,SIDD
P0205,80,M,22.0,42.0,116.8,1.98,Negative,140,MARD
P0206,63,M,26.4,45.0,87.0,2.6,Negative,148,MARD
P0207,60,M,32.4,53.0,103.8,2.08,Negative,145,MARD
P0208,58,F,27.1,56.0,112.0,2.4,Negative,127,MARD
P0209,56,M,28.9,38.0,75.8,2.61,Negative,127,MARD
P0210,73,M,24.4,53.0,82.5,2.01,Negative,157,MARD
P0211,61,F,30.0,55.0,78.0,2.69,Negative,131,MARD
P0212,61,M,29.3,61.0,109.4,2.62,Negative,147,MARD
P0213,69,M,30.9,52.0,135.1,2.07,Negative,124,MARD
P0214,71,F,35.0,38.0,166.6,5.59,Negative,155,SIRD
P0215,73,M,29.8,53.0,97.4,2.73,Negative,122,MARD
P0216,57,F,28.3,74.0,65.5,1.66,Negative,136,SIDD
P0217,45,M,31.8,55.0,172.0,2.65,Negative,104,MOD
P0218,70,M,32.5,58.0,22.1,2.73,Negative,125,SIDD
P0219,48,M,27.1,95.0,29.2,1.79,Positive,120,SAID
P0220,54,F,20.2,86.0,44.4,2.27,Negative,135,SIDD
P0221,41,M,48.7,47.0,117.2,2.21,Negative,117,MOD
P0222,55,M,35.7,52.0,83.3,3.68,Negative,125,MOD
P0223,44,M,36.9,61.0,101.1,3.9,Negative,144,MOD
P0224,67,F,29.2,54.0,99.2,3.08,Negative,131,MARD
P0225,51,M,29.0,79.0,41.8,1.66,Negative,137,SIDD
P0226,49,F,28.9,54.0,81.7,1.73,Negative,141,MARD
P0227,79,M,26.9,48.0,112.5,2.49,Negative,129,MARD
P0228,34,M,28.5,98.0,64.2,1.33,Positive,134,SAID
P0229,76,F,25.3,47.0,99.2,2.65,Negative,132,MARD
P0230,70,F,33.5,61.0,111.4,2.04,Negative,124,MARD
P0231,59,F,32.0,75.0,51.8,1.93,Negative,143,SIDD
P0232,73,F,33.9,51.0,79.4,2.37,Negative,140,MARD
P0233,53,M,24.0,54.0,127.9,2.88,Negative,137,MARD
P0234,82,F,25.9,45.0,92.2,2.15,Negative,131,MARD
P0235,62,M,28.8,56.0,123.4,2.27,Negative,127,MARD
P0236,68,M,26.7,52.0,102.6,2.34,Negative,140,MARD
P0237,67,M,29.7,44.0,119.2,2.52,Negative,119,MARD
P0238,65,F,32.7,47.0,104.2,2.11,Negative,135,MARD
P0239,44,M,23.8,121.0,65.3,1.53,Negative,135,SIDD
P0240,77,F,24.9,47.0,135.7,2.33,Negative,136,MARD
P0241,55,F,24.9,83.0,54.5,2.66,Negative,129,SIDD
P0242,79,M,33.2,49.0,200.4,7.01,Negative,146,SIRD
P0243,76,F,27.9,58.0,80.4,1.13,Negative,136,MARD
P0244,50,F,40.2,90.0,44.3,1.64,Negative,129,SIDD
P0245,82,M,28.7,44.0,88.9,2.66,Negative,132,MARD
P0246,41,M,32.6,48.0,85.2,3.83,Positive,130,MOD
P0247,76,F,30.1,50.0,114.4,2.85,Negative,141,MARD
P0248,52,M,26.1,86.0,40.9,1.64,Negative,134,SIDD
P0249,44,F,35.3,51.0,144.7,3.81,Negative,150,MOD
P0250,50,M,19.5,76.0,37.2,2.24,Positive,129,SAID
P0251,68,M,32.2,54.0,170.9,5.04,Negative,161,SIRD
P0252,26,M,24.0,88.0,33.1,1.07,Negative,117,SIDD
P0253,41,M,37.1,60.0,95.7,4.79,Negative,145,MOD
P0254,30,F,29.4,69.0,45.2,1.4,Positive,130,SAID
P0255,48,M,40.1,38.0,102.6,4.25,Negative,149,MOD
P0256,67,M,43.3,43.0,150.5,4.62,Negative,125,SIRD
P0257,76,M,34.3,47.0,99.2,2.85,Negative,134,MARD
P0258,65,F,27.6,44.0,161.8,5.17,Negative,151,SIRD
P0259,50,M,38.0,60.0,116.0,3.17,Negative,126,MOD
P0260,69,M,26.0,55.0,96.7,1.99,Negative,144,MARD
P0261,65,M,34.3,63.0,57.7,3.2,Negative,122,MARD
P0262,58,M,40.9,56.0,133.8,3.47,Negative,142,MOD
P0263,57,M,31.6,101.0,50.5,2.23,Positive,153,SAID
P0264,50,M,32.0,49.0,118.0,3.68,Negative,135,MOD
P0265,44,M,41.9,48.0,96.6,3.18,Negative,148,MOD
P0266,55,M,30.0,110.0,40.3,2.5,Negative,124,SIDD
P0267,76,M,26.2,41.0,115.6,3.08,Positive,128,MARD
P0268,73,M,37.0,41.0,169.9,8.18,Negative,137,SIRD
P0269,57,F,24.8,44.0,109.8,3.2,Negative,126,MARD
P0270,59,F,36.3,60.0,113.6,3.79,Negative,138,MOD
P0271,62,F,32.0,101.0,37.7,1.34,Negative,146,SIDD
P0272,57,M,32.8,56.0,164.5,5.77,Negative,125,SIRD
P0273,78,M,25.2,53.0,74.8,2.97,Negative,152,MARD
P0274,48,F,35.5,69.0,101.1,2.52,Negative,132,MOD
P0275,58,M,35.9,85.0,62.1,3.29,Negative,131,SIDD
P0276,55,F,34.6,58.0,93.7,1.86,Negative,128,MOD
P0277,79,M,29.0,49.0,70.8,3.83,Negative,136,MARD
P0278,56,F,34.8,58.0,146.9,5.0,Negative,133,SIRD
P0279,68,F,32.5,44.0,77.2,2.11,Negative,149,MARD
P0280,37,M,34.0,54.0,123.7,2.35,Negative,125,MOD
P0281,30,M,22.9,86.0,40.9,2.17,Positive,150,SAID
P0282,72,F,29.5,52.0,110.6,2.85,Negative,119,MARD
P0283,50,F,21.2,118.0,68.1,2.76,Negative,152,SIDD
P0284,67,F,37.5,56.0,160.3,3.28,Negative,140,MOD
P0285,70,M,36.2,57.0,247.8,5.49,Negative,119,SIRD
P0286,63,M,34.3,42.0,114.8,2.32,Negative,116,MOD
P0287,63,M,29.4,51.0,64.4,2.69,Negative,125,MARD
P0288,71,F,26.4,45.0,90.1,3.33,Negative,146,MARD
P0289,70,M,34.4,50.0,115.7,6.82,Negative,137,SIRD
P0290,43,M,28.9,96.0,56.6,2.24,Negative,136,SIDD
P0291,61,M,23.3,54.0,101.8,2.63,Negative,139,MARD
P0292,77,F,25.8,57.0,99.2,2.4,Negative,128,MARD
P0293,61,M,23.2,103.0,38.8,1.65,Negative,137,SIDD
P0294,72,F,27.7,46.0,116.1,2.45,Negative,158,MARD
P0295,31,F,34.6,43.0,136.0,4.85,Negative,139,MOD
P0296,64,M,24.1,57.0,117.8,2.99,Negative,125,MARD
P0297,59,F,27.0,41.0,89.1,2.14,Negative,137,MARD
P0298,66,F,28.4,45.0,62.7,3.53,Negative,123,MARD
P0299,50,M,28.7,105.0,55.4,2.23,Negative,163,SIDD
P0300,44,F,20.8,91.0,51.1,3.14,Negative,148,SIDD
P0301,58,F,23.6,49.0,86.4,1.9,Negative,153,MARD
P0302,76,F,29.8,66.0,156.5,5.17,Negative,166,SIRD
P0303,54,M,36.1,64.0,69.9,1.96,Negative,142,MOD
P0304,61,M,34.3,59.0,101.1,6.57,Negative,129,SIRD
P0305,53,M,27.6,95.0,50.4,,Negative,134,SIDD
P0306,47,F,24.4,97.0,39.5,2.78,Negative,130,SIDD
P0307,67,M,23.8,42.0,84.2,2.33,Negative,156,MARD
P0308,43,M,36.2,55.0,89.5,3.76,Negative,123,MOD
P0309,32,M,19.7,72.0,67.2,3.21,Negative,131,SAID
P0310,48,M,37.7,63.0,93.4,,Negative,136,MOD
P0311,49,M,24.8,99.0,32.7,1.95,Negative,135,SAID
P0312,73,M,25.4,60.0,130.6,1.51,Negative,167,MARD
P0313,47,F,37.3,48.0,100.1,2.37,Negative,141,MOD
P0314,73,F,25.8,87.0,58.1,1.72,Negative,116,SIDD
P0315,29,F,28.5,90.0,53.1,1.13,Positive,116,SAID
P0316,63,F,25.5,48.0,84.4,2.48,Negative,168,MARD
P0317,44,M,37.4,59.0,115.0,3.36,Negative,155,MOD
P0318,69,F,25.0,82.0,46.5,2.28,Negative,127,SIDD
P0319,53,F,38.3,42.0,156.6,5.95,Negative,129,SIRD
P0320,60,M,31.2,53.0,104.7,2.6,Negative,130,MARD
P0321,52,M,30.6,96.0,40.5,2.02,Negative,143,SIDD
P0322,64,M,23.9,94.0,20.7,2.47,Positive,148,SAID
P0323,65,F,36.6,46.0,136.8,4.25,Negative,133,SIRD
P0324,80,M,33.7,51.0,181.6,6.45,Negative,144,SIRD
P0325,68,F,20.3,69.0,47.3,2.44,Negative,143,SIDD
P0326,73,F,23.6,39.0,74.6,3.15,Negative,132,MARD
P0327,65,M,28.9,59.0,97.1,2.16,Negative,124,MARD
P0328,71,M,29.9,38.0,101.4,1.39,Negative,151,MARD
P0329,42,F,22.2,80.0,38.1,1.21,Positive,139,SIDD
P0330,50,F,24.3,85.0,50.0,2.11,Negative,140,SIDD
P0331,52,F,26.8,65.0,97.7,1.61,Negative,138,MARD
P0332,31,F,26.8,52.0,56.6,1.63,Positive,125,SAID
P0333,60,M,31.0,99.0,18.3,2.86,Negative,125,SIDD
P0334,77,F,30.1,55.0,91.8,2.57,Negative,110,MARD
P0335,42,M,32.8,55.0,121.1,3.97,Negative,139,MOD
P0336,54,M,29.7,102.0,46.7,2.11,Positive,119,SAID
P0337,75,F,25.1,40.0,104.1,2.27,Negative,157,MARD
P0338,72,F,28.8,49.0,74.0,3.19,Negative,116,MARD
P0339,53,F,39.8,50.0,111.6,2.44,Negative,132,MOD
P0340,46,M,33.8,53.0,86.0,3.37,Negative,166,MOD
P0341,67,M,22.5,60.0,106.3,1.25,Negative,150,MARD
P0342,73,F,31.0,62.0,70.0,2.1,Negative,143,MARD
P0343,71,M,32.5,47.0,158.1,6.33,Negative,128,SIRD
P0344,49,M,38.4,79.0,109.7,3.31,Negative,119,MOD
P0345,62,M,31.9,64.0,91.0,5.73,Negative,130,SIRD
P0346,75,F,37.7,54.0,238.9,4.15,Negative,143,SIRD
P0347,45,M,41.7,49.0,108.3,3.91,Negative,125,MOD
P0348,70,F,28.9,53.0,73.0,2.74,Negative,122,MARD
P0349,43,M,27.4,69.0,43.2,1.39,Positive,144,SAID
P0350,48,M,35.6,58.0,105.1,3.91,Negative,160,MOD
P0351,72,F,29.7,39.0,90.3,2.5,Negative,132,MARD
P0352,63,M,36.0,61.0,87.1,3.78,Negative,161,MOD
P0353,51,F,33.3,93.0,45.6,1.77,Negative,129,SIDD
P0354,72,F,32.0,48.0,111.7,2.77,Negative,124,MARD
P0355,51,F,30.8,76.0,22.3,1.98,Negative,142,SIDD
P0356,72,F,37.8,67.0,175.1,5.33,Negative,106,SIRD
P0357,71,F,30.1,51.0,167.3,5.9,Negative,120,SIRD
P0358,40,M,44.8,49.0,104.1,2.59,Negative,164,MOD
P0359,31,M,27.6,90.0,54.8,2.12,Negative,126,SIDD
P0360,57,F,36.1,51.0,173.9,5.46,Negative,139,SIRD
P0361,56,M,30.3,46.0,163.7,7.08,Negative,126,SIRD
P0362,57,F,32.2,46.0,87.4,2.37,Negative,144,MARD
P0363,61,M,33.3,49.0,117.4,2.35,Negative,139,MARD
P0364,25,M,23.5,67.0,36.3,1.73,Positive,100,SAID
P0365,63,M,25.3,108.0,34.7,2.96,Negative,140,SIDD
P0366,45,M,30.1,88.0,61.9,2.27,Negative,126,SIDD
P0367,46,M,34.2,57.0,174.4,3.69,Negative,149,SIRD
P0368,57,M,27.7,52.0,74.0,2.72,Negative,128,MARD
P0369,41,F,40.1,54.0,97.0,3.7,Negative,110,MOD
P0370,47,M,26.3,72.0,52.6,1.24,Negative,116,SIDD
P0371,69,M,28.5,52.0,72.6,1.58,Negative,168,MARD
P0372,68,M,32.3,43.0,63.0,2.94,Negative,145,MARD
P0373,57,F,39.6,49.0,115.8,5.07,Negative,147,MOD
P0374,79,M,32.8,47.0,89.3,2.13,Negative,147,MARD
P0375,43,F,29.2,88.0,46.8,2.08,Negative,163,SAID
P0376,52,M,36.9,54.0,63.1,2.78,Negative,136,MOD
P0377,71,M,25.9,51.0,72.0,2.53,Negative,147,MARD
P0378,54,M,26.3,51.0,91.6,3.17,Negative,138,MARD
P0379,69,F,25.9,49.0,46.0,1.59,Negative,159,MARD
P0380,39,M,26.4,75.0,51.3,1.59,Negative,115,SIDD
P0381,59,F,32.6,57.0,106.4,4.33,Negative,148,MOD
P0382,58,F,35.5,61.0,174.9,7.18,Negative,136,SIRD
P0383,54,M,32.9,53.0,176.0,6.85,Negative,122,SIRD
P0384,68,M,29.3,51.0,46.4,2.62,Negative,145,SIDD
P0385,49,M,24.3,83.0,57.4,2.99,Negative,123,SIDD
P0386,87,F,26.6,44.0,84.5,2.33,Negative,120,MARD
P0387,38,F,24.9,80.0,18.7,3.64,Negative,128,SIDD
P0388,36,M,27.0,45.0,118.9,3.31,Negative,137,MOD
P0389,42,M,38.2,72.0,125.3,1.13,Negative,139,MOD
P0390,67,M,25.4,39.0,53.2,1.63,Positive,159,MARD
P0391,58,F,38.3,64.0,93.9,3.42,Negative,103,MOD
P0392,73,F,29.1,48.0,97.9,1.51,Positive,174,MARD
P0393,54,F,34.6,49.0,93.8,2.94,Negative,150,MOD
P0394,42,F,37.1,62.0,94.8,3.25,Negative,160,MOD
P0395,62,F,28.3,49.0,121.0,1.69,Negative,108,MARD
P0396,42,M,26.9,76.0,27.3,2.15,Positive,186,SAID
P0397,28,F,28.0,104.0,26.7,2.66,Positive,137,SAID
P0398,65,F,30.8,52.0,107.3,2.12,Negative,105,MARD
P0399,62,F,28.0,49.0,107.7,1.78,Negative,132,MARD
P0400,62,M,26.3,80.0,29.6,2.04,Positive,107,SAID
P0401,63,M,29.0,48.0,108.9,2.46,Negative,148,MARD
P0402,66,M,32.3,68.0,95.2,1.97,Negative,137,MARD
P0403,25,F,19.4,90.0,36.3,1.61,Positive,158,SAID
P0404,52,F,32.8,94.0,50.2,1.9,Negative,140,SIDD
P0405,70,F,29.2,39.0,103.5,2.3,Negative,109,MARD
P0406,61,F,30.0,64.0,118.9,1.51,Negative,123,MARD
P0407,48,M,38.5,71.0,90.9,3.2,Negative,127,MOD
P0408,57,M,30.9,52.0,99.9,2.57,Negative,148,MARD
P0409,35,M,36.1,59.0,87.3,3.2,Negative,137,MOD
P0410,68,M,38.8,63.0,159.8,5.42,Negative,148,SIRD
P0411,46,M,41.2,46.0,121.0,2.21,Negative,138,MOD
P0412,71,M,24.5,48.0,119.0,2.81,Negative,109,MARD
P0413,70,M,24.0,64.0,167.5,5.19,Negative,114,SIRD
P0414,43,M,26.4,64.0,25.4,2.31,Positive,157,SAID
P0415,58,M,37.4,55.0,237.4,5.59,Negative,164,SIRD
P0416,74,M,30.0,53.0,124.9,2.55,Negative,136,MARD
P0417,44,M,27.1,100.0,39.7,1.34,Negative,114,SIDD
P0418,69,F,24.1,49.0,119.9,2.47,Negative,140,MARD
P0419,25,M,31.5,38.0,103.6,3.36,Negative,125,MOD
P0420,31,F,24.5,88.0,44.4,1.51,Positive,140,SAID
P0421,62,F,30.0,90.0,13.8,1.99,Negative,124,SIDD
P0422,53,M,27.9,87.0,53.6,1.46,Negative,139,SIDD
P0423,52,F,30.6,97.0,61.5,2.71,Negative,136,SIDD
P0424,31,M,28.3,96.0,37.7,2.85,Positive,132,SAID
P0425,53,F,38.3,55.0,128.5,5.68,Negative,128,SIRD
P0426,43,M,21.7,94.0,71.4,2.32,Negative,118,SIDD
P0427,73,M,24.3,44.0,87.5,2.06,Negative,181,MARD
P0428,69,M,27.6,53.0,82.8,1.61,Negative,128,MARD
P0429,48,F,35.7,51.0,71.0,5.19,Negative,118,MOD
P0430,68,F,26.7,50.0,80.8,2.37,Negative,135,MARD
P0431,56,M,27.5,101.0,42.4,2.14,Negative,134,SIDD
P0432,58,F,25.3,102.0,49.5,2.64,Negative,132,SIDD
P0433,45,M,33.3,53.0,100.6,3.35,Negative,129,MOD
P0434,32,M,33.3,53.0,57.0,2.66,Negative,136,MOD
P0435,66,M,26.9,42.0,76.3,2.74,Negative,145,MARD
P0436,42,M,29.7,90.0,38.9,1.94,Negative,113,SIDD
P0437,35,F,41.6,47.0,81.7,2.33,Negative,128,MOD
P0438,30,M,36.9,42.0,149.8,4.15,Positive,129,MOD
P0439,49,F,39.8,58.0,92.0,2.75,Negative,129,MOD
P0440,63,M,21.7,86.0,35.0,1.68,Positive,143,SAID
P0441,53,M,36.3,47.0,93.5,3.81,Positive,126,MOD
P0442,69,M,32.9,43.0,102.2,2.57,Negative,133,MARD
P0443,63,M,26.7,111.0,34.7,1.65,Positive,132,SAID
P0444,40,M,35.1,62.0,108.1,2.4,Negative,134,MOD
P0445,58,F,23.2,83.0,66.4,1.96,Negative,116,SIDD
P0446,54,M,27.8,39.0,104.8,3.42,Negative,118,MARD
P0447,55,M,29.3,57.0,138.4,4.21,Negative,126,MOD
P0448,76,F,26.5,63.0,71.6,2.46,Negative,114,MARD
P0449,59,M,28.2,43.0,85.1,,Negative,161,MARD
P0450,63,M,27.9,115.0,71.4,1.92,Negative,141,SIDD
P0451,66,F,33.4,50.0,186.1,6.22,Negative,118,SIRD
P0452,55,F,28.1,49.0,120.4,2.76,Negative,142,MARD
P0453,75,F,32.8,48.0,63.2,3.7,Negative,132,MARD
P0454,71,F,27.1,58.0,79.7,3.3,Negative,130,MARD
P0455,58,M,26.3,88.0,38.4,3.25,Negative,141,SIDD
P0456,56,M,41.5,53.0,63.9,3.49,Negative,136,MOD
P0457,48,M,38.8,53.0,119.9,3.2,Negative,124,MOD
P0458,59,M,40.8,67.0,96.8,2.6,Negative,117,MOD
P0459,74,M,27.9,38.0,116.4,2.54,Negative,168,MARD
P0460,39,F,36.3,57.0,66.7,2.69,Negative,126,MOD
P0461,67,F,22.1,116.0,43.4,2.78,Negative,131,SIDD
P0462,71,F,26.5,55.0,73.8,2.22,Negative,135,MARD
P0463,49,F,22.7,86.0,55.0,2.85,Negative,151,SAID
P0464,63,M,25.4,114.0,46.7,2.07,Negative,128,SIDD
P0465,48,F,25.1,106.0,53.1,2.58,Negative,118,SIDD
P0466,73,M,27.4,57.0,98.7,2.5,Negative,130,MARD
P0467,51,M,22.6,103.0,33.5,2.42,Positive,143,SAID
P0468,80,M,27.9,51.0,102.9,2.56,Negative,138,MARD
P0469,81,F,29.4,45.0,110.3,2.13,Negative,166,MARD
P0470,75,M,25.4,49.0,108.8,2.23,Negative,147,MARD
P0471,81,M,25.8,53.0,92.2,2.22,Negative,142,MARD
P0472,41,F,37.2,60.0,102.0,4.27,Negative,111,MOD
P0473,77,M,35.2,46.0,207.6,5.78,Negative,122,SIRD
P0474,80,M,29.3,52.0,128.5,2.61,Negative,128,MARD
P0475,70,M,38.0,52.0,147.6,5.8,Negative,150,SIRD
P0476,45,M,33.2,58.0,101.9,2.84,Negative,153,MOD
P0477,44,M,31.1,57.0,134.9,3.33,Negative,113,MOD
P0478,49,M,38.8,53.0,139.0,2.38,Negative,124,MOD
P0479,49,M,28.2,43.0,92.3,4.0,Negative,143,MOD
P0480,57,F,25.5,81.0,72.9,2.54,Negative,107,SIDD
P0481,66,M,27.4,38.0,108.2,2.54,Negative,137,MARD
P0482,77,M,25.5,52.0,113.6,1.93,Negative,128,MARD
P0483,57,M,25.3,50.0,156.6,5.14,Negative,147,SIRD
P0484,41,M,33.1,59.0,165.4,3.59,Negative,131,MOD
P0485,56,F,45.8,64.0,160.6,2.51,Negative,136,SIRD
P0486,52,M,29.6,93.0,24.2,2.7,Negative,159,SIDD
P0487,46,M,23.5,95.0,53.1,2.32,Negative,136,SIDD
P0488,38,M,25.4,56.0,30.1,1.48,Positive,162,SAID
P0489,63,F,26.7,91.0,37.0,2.45,Negative,142,SIDD
P0490,52,M,36.7,49.0,133.0,3.97,Negative,128,MOD
P0491,70,F,29.0,53.0,136.9,5.63,Negative,132,SIRD
P0492,42,M,37.3,98.0,75.3,2.08,Negative,137,SIDD
P0493,54,F,38.0,51.0,114.5,3.82,Negative,113,MOD
P0494,46,M,36.5,46.0,111.7,3.32,Negative,119,MOD
P0495,57,M,26.1,100.0,35.9,1.63,Negative,142,SIDD
P0496,43,M,37.0,38.0,113.6,4.18,Negative,131,MOD
P0497,52,M,21.9,101.0,37.2,,Negative,154,SIDD
P0498,83,M,27.6,60.0,84.6,2.64,Negative,152,MARD
P0499,44,M,38.2,48.0,129.5,2.65,Negative,131,MOD
P0500,50,M,36.2,49.0,232.9,5.61,Negative,141,SIRD
P0501,54,F,36.8,53.0,173.2,5.33,Negative,128,SIRD
P0502,65,M,34.8,53.0,231.2,5.72,Negative,96,SIRD
P0503,52,F,34.1,63.0,80.3,5.67,Negative,129,SIRD
P0504,49,M,30.8,87.0,34.8,2.75,Negative,144,SIDD
P0505,64,M,35.2,43.0,181.5,5.34,Negative,115,SIRD
P0506,47,F,23.6,93.0,43.7,1.98,Positive,159,SAID
P0507,66,M,30.9,54.0,100.6,1.81,Negative,126,MARD
P0508,46,M,20.1,80.0,26.4,2.06,Positive,122,SAID
P0509,54,F,34.1,51.0,68.4,3.62,Negative,120,MOD
P0510,60,F,30.2,48.0,108.7,2.68,Negative,124,MARD
P0511,55,F,28.6,89.0,43.6,1.51,Negative,144,SIDD
P0512,77,F,29.6,51.0,200.2,5.49,Negative,132,SIRD
P0513,80,M,29.4,52.0,154.8,5.92,Negative,139,SIRD
P0514,62,M,32.7,91.0,58.0,2.62,Negative,111,SIDD
P0515,48,F,38.7,58.0,111.7,3.3,Positive,124,MOD
P0516,50,M,43.5,54.0,120.5,2.31,Negative,157,MOD
P0517,54,M,29.7,45.0,213.8,5.94,Negative,130,SIRD
P0518,54,M,42.0,71.0,116.4,3.57,Negative,136,MOD
P0519,71,M,29.3,54.0,104.1,3.25,Negative,147,MARD
P0520,49,F,34.1,92.0,57.4,1.68,Negative,153,SIDD
P0521,52,M,39.0,54.0,105.9,3.41,Negative,133,MOD
P0522,60,F,32.8,52.0,98.6,2.89,Negative,108,MARD
P0523,68,M,28.0,49.0,105.7,1.79,Negative,170,MARD
P0524,66,F,29.8,51.0,174.4,4.9,Negative,144,SIRD
P0525,76,F,29.4,49.0,103.4,3.6,Negative,154,MARD
P0526,61,M,19.4,83.0,55.6,2.4,Negative,125,SIDD
P0527,52,F,43.1,54.0,137.4,3.22,Negative,122,MOD
P0528,47,M,27.8,84.0,43.9,2.24,Negative,99,SIDD
P0529,54,F,26.0,79.0,44.4,1.59,Negative,135,SIDD
P0530,68,F,27.5,96.0,35.7,2.38,Positive,128,SIDD
P0531,71,M,27.4,57.0,133.9,2.15,Negative,119,MARD
P0532,43,M,33.1,51.0,87.0,3.14,Negative,130,MOD
P0533,54,F,24.1,83.0,42.7,1.74,Positive,162,SAID
P0534,72,M,26.3,50.0,99.0,2.45,Negative,114,MARD
P0535,59,F,33.6,66.0,145.1,5.8,Negative,159,SIRD
P0536,42,M,29.4,78.0,37.4,2.5,Negative,125,SIDD
P0537,58,M,32.9,55.0,153.5,5.99,Negative,113,SIRD
P0538,83,F,31.6,48.0,196.4,7.86,Negative,141,SIRD
P0539,46,M,29.6,100.0,51.4,1.87,Negative,154,SIDD
P0540,72,M,33.6,105.0,60.8,2.86,Negative,135,SIDD
P0541,57,F,33.4,58.0,87.3,2.33,Negative,112,MOD
P0542,54,M,27.1,97.0,29.7,2.35,Negative,157,SIDD
P0543,74,F,32.8,59.0,205.5,5.29,Negative,142,SIRD
P0544,28,M,33.2,101.0,20.8,1.52,Positive,135,SAID
P0545,76,M,43.5,61.0,206.2,6.54,Negative,113,SIRD
P0546,25,M,31.6,63.0,38.8,1.21,Positive,116,SAID
P0547,53,M,27.5,87.0,47.7,1.81,Negative,128,SIDD
P0548,67,M,29.8,50.0,74.2,2.23,Negative,152,MARD
P0549,60,F,24.2,80.0,71.0,2.3,Negative,158,SIDD
P0550,61,M,39.4,59.0,190.9,4.22,Positive,113,SIRD
P0551,40,F,30.9,93.0,35.6,1.89,Positive,158,SAID
P0552,38,F,38.9,60.0,112.1,2.96,Negative,131,MOD
P0553,71,M,27.0,51.0,102.9,2.76,Negative,128,MARD
P0554,74,M,28.8,54.0,168.9,4.39,Negative,130,SIRD
P0555,67,M,29.5,47.0,83.8,1.83,Negative,137,MARD
P0556,54,F,26.1,54.0,98.6,1.69,Negative,118,MARD
P0557,55,M,30.0,83.0,40.7,3.34,Negative,132,SIDD
P0558,41,F,39.6,82.0,139.7,3.06,Negative,134,MOD
P0559,80,M,30.2,45.0,102.3,2.43,Negative,137,MARD
P0560,52,M,34.5,58.0,132.7,2.72,Negative,143,MOD
P0561,62,F,34.2,54.0,166.4,5.7,Negative,143,SIRD
P0562,72,M,27.9,50.0,89.8,1.8,Negative,135,MARD
P0563,37,M,30.2,54.0,104.2,3.61,Negative,129,MOD
P0564,37,M,33.3,59.0,149.2,4.52,Negative,128,MOD
P0565,62,M,26.1,52.0,100.1,2.33,Negative,139,MARD
P0566,52,F,25.2,93.0,48.2,2.09,Negative,123,SIDD
P0567,65,M,23.9,38.0,136.8,6.29,Negative,127,SIRD
P0568,60,M,31.6,53.0,109.5,2.82,Negative,120,MARD
P0569,78,F,21.6,88.0,38.0,2.5,Negative,138,SIDD
P0570,65,M,26.6,56.0,150.5,5.05,Negative,143,SIRD
P0571,77,F,27.8,52.0,94.4,2.51,Negative,140,MARD
P0572,66,M,30.0,44.0,81.2,1.6,Negative,148,MARD
P0573,64,M,27.5,46.0,38.4,2.68,Negative,143,MARD
P0574,51,M,30.2,83.0,33.3,1.67,Positive,142,SAID
P0575,51,F,29.8,52.0,151.7,6.94,Negative,123,SIRD
P0576,48,M,37.9,63.0,84.7,1.73,Negative,114,MOD
P0577,34,M,29.3,101.0,35.4,1.87,Negative,117,SAID
P0578,65,F,30.4,99.0,39.3,1.65,Negative,138,SIDD
P0579,72,M,24.9,48.0,108.7,2.7,Negative,134,MARD
P0580,71,M,38.9,53.0,163.9,6.67,Negative,124,SIRD
P0581,60,M,21.3,97.0,24.0,1.59,Negative,114,SIDD
P0582,56,M,35.2,56.0,155.7,5.64,Positive,132,SIRD
P0583,54,F,32.9,74.0,77.6,3.86,Negative,118,MOD
P0584,49,M,29.8,72.0,109.1,3.43,Negative,133,MOD
P0585,58,M,38.1,66.0,81.5,3.24,Negative,133,MOD
P0586,68,F,27.9,51.0,113.6,2.63,Negative,127,MARD
P0587,74,F,24.8,55.0,88.6,5.39,Negative,145,SIRD
P0588,53,M,32.6,39.0,148.7,2.01,Negative,119,MOD
P0589,37,M,24.9,105.0,40.7,2.64,Positive,119,SIDD
P0590,43,F,27.5,104.0,82.2,1.58,Negative,152,SIDD
P0591,80,M,24.6,52.0,191.3,4.75,Negative,102,SIRD
P0592,56,M,35.0,62.0,81.7,2.95,Negative,127,MOD
P0593,57,M,30.6,55.0,98.1,4.49,Negative,136,MOD
P0594,53,F,37.1,67.0,117.4,3.88,Negative,137,MOD
P0595,82,M,28.9,40.0,97.2,1.9,Negative,131,MARD
P0596,74,M,29.1,62.0,100.6,2.4,Negative,152,MARD
P0597,57,M,32.9,38.0,170.2,5.89,Negative,120,SIRD
P0598,76,M,27.0,52.0,117.3,2.16,Negative,152,MARD
P0599,67,M,26.2,80.0,45.3,2.14,Negative,128,SIDD
P0600,48,F,25.1,80.0,45.1,1.74,Positive,155,SAID
